Library,Free Seats,% Free,Date,Time
Great Ormond Street Institute of Child Health Library,82,73.21428571428571,2024-10-16,16:58:09.293787
UCL East Library,107,70.86092715231787,2024-10-16,16:58:09.293904
Language & Speech Science Library,40,70.17543859649122,2024-10-16,16:58:09.293830
SSEES Library,117,66.47727272727273,2024-10-16,16:58:09.293873
School of Pharmacy Library,36,61.016949152542374,2024-10-16,16:58:09.293859
The Joint Library of Ophthalmology,26,59.09090909090909,2024-10-16,16:58:09.293820
Bartlett Library,39,56.52173913043478,2024-10-16,16:58:09.293750
Graduate Hub (Postgraduate use only),31,56.36363636363636,2024-10-16,16:58:09.293777
"Queen Square Institute of Neurology, Queen Square Library",15,51.724137931034484,2024-10-16,16:58:09.293850
Cruciform Hub,124,50.20242914979757,2024-10-16,16:58:09.293766
Institute of Archaeology Library,27,46.55172413793103,2024-10-16,16:58:09.293798
Science Library,409,44.55337690631808,2024-10-16,16:58:09.293884
Main Library,233,37.28,2024-10-16,16:58:09.293839
Student Centre,232,35.85780525502319,2024-10-16,16:58:09.293894
IOE Library,115,35.0609756097561,2024-10-16,16:58:09.293810
Institute of Archaeology Library,58,100.0,2024-10-17,00:56:43.644110
"Queen Square Institute of Neurology, Queen Square Library",29,100.0,2024-10-17,00:56:43.644161
UCL East Library,150,99.33774834437085,2024-10-17,00:56:43.644212
SSEES Library,171,97.1590909090909,2024-10-17,00:56:43.644181
Language & Speech Science Library,55,96.49122807017544,2024-10-17,00:56:43.644141
Graduate Hub (Postgraduate use only),53,96.36363636363636,2024-10-17,00:56:43.644087
Bartlett Library,64,92.7536231884058,2024-10-17,00:56:43.644057
School of Pharmacy Library,54,91.52542372881356,2024-10-17,00:56:43.644171
Main Library,568,90.88000000000001,2024-10-17,00:56:43.644151
Science Library,828,90.19607843137256,2024-10-17,00:56:43.644191
Student Centre,569,87.94435857805254,2024-10-17,00:56:43.644202
Great Ormond Street Institute of Child Health Library,95,84.82142857142857,2024-10-17,00:56:43.644099
Cruciform Hub,188,76.11336032388664,2024-10-17,00:56:43.644073
IOE Library,220,67.07317073170732,2024-10-17,00:56:43.644121
The Joint Library of Ophthalmology,26,59.09090909090909,2024-10-17,00:56:43.644131
Institute of Archaeology Library,58,100.0,2024-10-17,02:15:48.667355
"Queen Square Institute of Neurology, Queen Square Library",29,100.0,2024-10-17,02:15:48.667405
UCL East Library,150,99.33774834437085,2024-10-17,02:15:48.667458
Graduate Hub (Postgraduate use only),54,98.18181818181819,2024-10-17,02:15:48.667334
SSEES Library,170,96.5909090909091,2024-10-17,02:15:48.667429
Language & Speech Science Library,55,96.49122807017544,2024-10-17,02:15:48.667385
Bartlett Library,65,94.20289855072464,2024-10-17,02:15:48.667308
School of Pharmacy Library,54,91.52542372881356,2024-10-17,02:15:48.667419
Main Library,570,91.2,2024-10-17,02:15:48.667395
Science Library,831,90.52287581699346,2024-10-17,02:15:48.667439
Student Centre,573,88.56259659969088,2024-10-17,02:15:48.667449
Great Ormond Street Institute of Child Health Library,95,84.82142857142857,2024-10-17,02:15:48.667344
Cruciform Hub,209,84.61538461538461,2024-10-17,02:15:48.667323
IOE Library,246,75.0,2024-10-17,02:15:48.667365
The Joint Library of Ophthalmology,27,61.36363636363637,2024-10-17,02:15:48.667375
Institute of Archaeology Library,58,100.0,2024-10-17,03:18:12.215641
"Queen Square Institute of Neurology, Queen Square Library",29,100.0,2024-10-17,03:18:12.215692
UCL East Library,150,99.33774834437085,2024-10-17,03:18:12.215747
Graduate Hub (Postgraduate use only),54,98.18181818181819,2024-10-17,03:18:12.215620
SSEES Library,170,96.5909090909091,2024-10-17,03:18:12.215716
Language & Speech Science Library,55,96.49122807017544,2024-10-17,03:18:12.215672
Main Library,594,95.04,2024-10-17,03:18:12.215682
Bartlett Library,65,94.20289855072464,2024-10-17,03:18:12.215592
School of Pharmacy Library,54,91.52542372881356,2024-10-17,03:18:12.215702
Science Library,838,91.28540305010894,2024-10-17,03:18:12.215727
Student Centre,580,89.64451313755795,2024-10-17,03:18:12.215737
Great Ormond Street Institute of Child Health Library,95,84.82142857142857,2024-10-17,03:18:12.215630
Cruciform Hub,191,77.32793522267207,2024-10-17,03:18:12.215608
IOE Library,242,73.78048780487805,2024-10-17,03:18:12.215651
The Joint Library of Ophthalmology,29,65.9090909090909,2024-10-17,03:18:12.215662
Institute of Archaeology Library,58,100.0,2024-10-17,04:15:06.086395
"Queen Square Institute of Neurology, Queen Square Library",29,100.0,2024-10-17,04:15:06.086444
UCL East Library,150,99.33774834437085,2024-10-17,04:15:06.086498
Graduate Hub (Postgraduate use only),54,98.18181818181819,2024-10-17,04:15:06.086374
SSEES Library,169,96.02272727272727,2024-10-17,04:15:06.086464
Language & Speech Science Library,54,94.73684210526315,2024-10-17,04:15:06.086424
Main Library,586,93.76,2024-10-17,04:15:06.086434
Bartlett Library,64,92.7536231884058,2024-10-17,04:15:06.086346
School of Pharmacy Library,54,91.52542372881356,2024-10-17,04:15:06.086454
Science Library,816,88.88888888888889,2024-10-17,04:15:06.086478
Great Ormond Street Institute of Child Health Library,97,86.60714285714286,2024-10-17,04:15:06.086384
Cruciform Hub,213,86.23481781376519,2024-10-17,04:15:06.086363
Student Centre,555,85.7805255023184,2024-10-17,04:15:06.086488
IOE Library,217,66.15853658536585,2024-10-17,04:15:06.086405
The Joint Library of Ophthalmology,27,61.36363636363637,2024-10-17,04:15:06.086415
Institute of Archaeology Library,58,100.0,2024-10-17,05:12:39.656501
"Queen Square Institute of Neurology, Queen Square Library",29,100.0,2024-10-17,05:12:39.656551
Graduate Hub (Postgraduate use only),54,98.18181818181819,2024-10-17,05:12:39.656479
SSEES Library,170,96.5909090909091,2024-10-17,05:12:39.656572
Bartlett Library,66,95.65217391304348,2024-10-17,05:12:39.656452
UCL East Library,144,95.36423841059603,2024-10-17,05:12:39.656602
Language & Speech Science Library,54,94.73684210526315,2024-10-17,05:12:39.656531
School of Pharmacy Library,51,86.4406779661017,2024-10-17,05:12:39.656561
Cruciform Hub,213,86.23481781376519,2024-10-17,05:12:39.656468
Main Library,533,85.28,2024-10-17,05:12:39.656541
Student Centre,532,82.22565687789799,2024-10-17,05:12:39.656592
Science Library,750,81.69934640522875,2024-10-17,05:12:39.656582
Great Ormond Street Institute of Child Health Library,89,79.46428571428571,2024-10-17,05:12:39.656490
IOE Library,238,72.5609756097561,2024-10-17,05:12:39.656511
The Joint Library of Ophthalmology,28,63.63636363636363,2024-10-17,05:12:39.656521
"Queen Square Institute of Neurology, Queen Square Library",29,100.0,2024-10-17,06:17:12.985960
UCL East Library,150,99.33774834437085,2024-10-17,06:17:12.986013
Bartlett Library,64,92.7536231884058,2024-10-17,06:17:12.985860
School of Pharmacy Library,54,91.52542372881356,2024-10-17,06:17:12.985970
Institute of Archaeology Library,53,91.37931034482759,2024-10-17,06:17:12.985910
Cruciform Hub,215,87.04453441295547,2024-10-17,06:17:12.985877
Great Ormond Street Institute of Child Health Library,96,85.71428571428571,2024-10-17,06:17:12.985899
Graduate Hub (Postgraduate use only),47,85.45454545454545,2024-10-17,06:17:12.985889
Main Library,532,85.11999999999999,2024-10-17,06:17:12.985950
Science Library,771,83.98692810457517,2024-10-17,06:17:12.985990
Student Centre,536,82.84389489953632,2024-10-17,06:17:12.986003
Language & Speech Science Library,44,77.19298245614034,2024-10-17,06:17:12.985940
IOE Library,241,73.47560975609755,2024-10-17,06:17:12.985920
SSEES Library,126,71.5909090909091,2024-10-17,06:17:12.985980
The Joint Library of Ophthalmology,28,63.63636363636363,2024-10-17,06:17:12.985930
Institute of Archaeology Library,58,100.0,2024-10-17,07:12:50.550254
"Queen Square Institute of Neurology, Queen Square Library",29,100.0,2024-10-17,07:12:50.550325
UCL East Library,150,99.33774834437085,2024-10-17,07:12:50.550391
Science Library,869,94.66230936819173,2024-10-17,07:12:50.550363
Language & Speech Science Library,53,92.98245614035088,2024-10-17,07:12:50.550296
Bartlett Library,64,92.7536231884058,2024-10-17,07:12:50.550185
School of Pharmacy Library,52,88.13559322033898,2024-10-17,07:12:50.550337
Main Library,540,86.4,2024-10-17,07:12:50.550311
SSEES Library,148,84.0909090909091,2024-10-17,07:12:50.550351
Great Ormond Street Institute of Child Health Library,92,82.14285714285714,2024-10-17,07:12:50.550239
Student Centre,518,80.06182380216383,2024-10-17,07:12:50.550376
Cruciform Hub,196,79.35222672064778,2024-10-17,07:12:50.550210
Graduate Hub (Postgraduate use only),41,74.54545454545455,2024-10-17,07:12:50.550225
IOE Library,235,71.64634146341463,2024-10-17,07:12:50.550268
The Joint Library of Ophthalmology,27,61.36363636363637,2024-10-17,07:12:50.550282
Institute of Archaeology Library,58,100.0,2024-10-17,08:16:10.468757
UCL East Library,149,98.67549668874173,2024-10-17,08:16:10.468894
Language & Speech Science Library,54,94.73684210526315,2024-10-17,08:16:10.468801
SSEES Library,162,92.04545454545455,2024-10-17,08:16:10.468857
Bartlett Library,63,91.30434782608695,2024-10-17,08:16:10.468690
Main Library,557,89.12,2024-10-17,08:16:10.468816
Science Library,813,88.56209150326796,2024-10-17,08:16:10.468869
Graduate Hub (Postgraduate use only),48,87.27272727272727,2024-10-17,08:16:10.468727
Great Ormond Street Institute of Child Health Library,97,86.60714285714286,2024-10-17,08:16:10.468742
School of Pharmacy Library,47,79.66101694915254,2024-10-17,08:16:10.468843
Cruciform Hub,193,78.13765182186235,2024-10-17,08:16:10.468711
Student Centre,465,71.87017001545595,2024-10-17,08:16:10.468882
"Queen Square Institute of Neurology, Queen Square Library",19,65.51724137931035,2024-10-17,08:16:10.468830
IOE Library,213,64.9390243902439,2024-10-17,08:16:10.468772
The Joint Library of Ophthalmology,25,56.81818181818182,2024-10-17,08:16:10.468787
UCL East Library,137,90.72847682119205,2024-10-17,09:13:09.694855
SSEES Library,155,88.06818181818183,2024-10-17,09:13:09.694815
Bartlett Library,60,86.95652173913044,2024-10-17,09:13:09.694643
Great Ormond Street Institute of Child Health Library,92,82.14285714285714,2024-10-17,09:13:09.694695
Language & Speech Science Library,45,78.94736842105263,2024-10-17,09:13:09.694759
Science Library,642,69.93464052287581,2024-10-17,09:13:09.694830
Main Library,437,69.92,2024-10-17,09:13:09.694774
"Queen Square Institute of Neurology, Queen Square Library",20,68.96551724137932,2024-10-17,09:13:09.694788
School of Pharmacy Library,40,67.79661016949152,2024-10-17,09:13:09.694801
Graduate Hub (Postgraduate use only),36,65.45454545454545,2024-10-17,09:13:09.694680
Institute of Archaeology Library,37,63.793103448275865,2024-10-17,09:13:09.694710
Cruciform Hub,149,60.32388663967612,2024-10-17,09:13:09.694664
IOE Library,180,54.87804878048781,2024-10-17,09:13:09.694729
The Joint Library of Ophthalmology,24,54.54545454545454,2024-10-17,09:13:09.694743
Student Centre,335,51.777434312210204,2024-10-17,09:13:09.694842
UCL East Library,129,85.43046357615894,2024-10-17,10:12:41.133217
Language & Speech Science Library,46,80.7017543859649,2024-10-17,10:12:41.133122
Great Ormond Street Institute of Child Health Library,88,78.57142857142857,2024-10-17,10:12:41.133064
SSEES Library,129,73.29545454545455,2024-10-17,10:12:41.133180
"Queen Square Institute of Neurology, Queen Square Library",20,68.96551724137932,2024-10-17,10:12:41.133153
Bartlett Library,42,60.86956521739131,2024-10-17,10:12:41.133015
The Joint Library of Ophthalmology,25,56.81818181818182,2024-10-17,10:12:41.133108
Science Library,476,51.85185185185185,2024-10-17,10:12:41.133192
Main Library,303,48.480000000000004,2024-10-17,10:12:41.133136
Institute of Archaeology Library,28,48.275862068965516,2024-10-17,10:12:41.133079
Graduate Hub (Postgraduate use only),24,43.63636363636363,2024-10-17,10:12:41.133050
Cruciform Hub,94,38.05668016194332,2024-10-17,10:12:41.133035
IOE Library,114,34.756097560975604,2024-10-17,10:12:41.133094
Student Centre,220,34.003091190108194,2024-10-17,10:12:41.133204
School of Pharmacy Library,17,28.8135593220339,2024-10-17,10:12:41.133166
UCL East Library,129,85.43046357615894,2024-10-17,11:10:21.140179
Language & Speech Science Library,46,80.7017543859649,2024-10-17,11:10:21.140078
Bartlett Library,47,68.11594202898551,2024-10-17,11:10:21.139968
Great Ormond Street Institute of Child Health Library,74,66.07142857142857,2024-10-17,11:10:21.140019
The Joint Library of Ophthalmology,26,59.09090909090909,2024-10-17,11:10:21.140063
SSEES Library,91,51.70454545454546,2024-10-17,11:10:21.140139
"Queen Square Institute of Neurology, Queen Square Library",14,48.275862068965516,2024-10-17,11:10:21.140107
Institute of Archaeology Library,27,46.55172413793103,2024-10-17,11:10:21.140034
Science Library,367,39.97821350762527,2024-10-17,11:10:21.140152
Main Library,234,37.44,2024-10-17,11:10:21.140093
School of Pharmacy Library,20,33.89830508474576,2024-10-17,11:10:21.140121
Cruciform Hub,73,29.554655870445345,2024-10-17,11:10:21.139988
Graduate Hub (Postgraduate use only),16,29.09090909090909,2024-10-17,11:10:21.140004
Student Centre,178,27.51159196290572,2024-10-17,11:10:21.140166
IOE Library,84,25.609756097560975,2024-10-17,11:10:21.140048
UCL East Library,113,74.83443708609272,2024-10-17,12:22:40.302454
Language & Speech Science Library,40,70.17543859649122,2024-10-17,12:22:40.302358
Great Ormond Street Institute of Child Health Library,68,60.71428571428571,2024-10-17,12:22:40.302296
"Queen Square Institute of Neurology, Queen Square Library",17,58.620689655172406,2024-10-17,12:22:40.302390
SSEES Library,98,55.68181818181818,2024-10-17,12:22:40.302417
The Joint Library of Ophthalmology,23,52.27272727272727,2024-10-17,12:22:40.302344
Bartlett Library,36,52.17391304347826,2024-10-17,12:22:40.302245
Institute of Archaeology Library,25,43.103448275862064,2024-10-17,12:22:40.302311
Cruciform Hub,98,39.67611336032389,2024-10-17,12:22:40.302265
Science Library,355,38.67102396514161,2024-10-17,12:22:40.302429
Main Library,230,36.8,2024-10-17,12:22:40.302376
Graduate Hub (Postgraduate use only),20,36.36363636363637,2024-10-17,12:22:40.302281
Student Centre,172,26.584234930448225,2024-10-17,12:22:40.302442
School of Pharmacy Library,13,22.033898305084744,2024-10-17,12:22:40.302404
IOE Library,71,21.646341463414632,2024-10-17,12:22:40.302330
UCL East Library,112,74.17218543046357,2024-10-17,13:20:46.811260
Great Ormond Street Institute of Child Health Library,67,59.82142857142857,2024-10-17,13:20:46.811103
Bartlett Library,41,59.42028985507246,2024-10-17,13:20:46.811053
The Joint Library of Ophthalmology,26,59.09090909090909,2024-10-17,13:20:46.811146
Language & Speech Science Library,33,57.89473684210527,2024-10-17,13:20:46.811165
SSEES Library,94,53.40909090909091,2024-10-17,13:20:46.811220
"Queen Square Institute of Neurology, Queen Square Library",14,48.275862068965516,2024-10-17,13:20:46.811194
Graduate Hub (Postgraduate use only),21,38.18181818181819,2024-10-17,13:20:46.811088
Science Library,315,34.31372549019608,2024-10-17,13:20:46.811233
School of Pharmacy Library,18,30.508474576271187,2024-10-17,13:20:46.811207
Cruciform Hub,71,28.74493927125506,2024-10-17,13:20:46.811073
Main Library,170,27.200000000000003,2024-10-17,13:20:46.811180
Student Centre,168,25.965996908809892,2024-10-17,13:20:46.811245
Institute of Archaeology Library,12,20.689655172413794,2024-10-17,13:20:46.811117
IOE Library,61,18.597560975609756,2024-10-17,13:20:46.811131
UCL East Library,110,72.84768211920529,2024-10-17,14:11:57.473700
Great Ormond Street Institute of Child Health Library,73,65.17857142857143,2024-10-17,14:11:57.473546
Language & Speech Science Library,36,63.1578947368421,2024-10-17,14:11:57.473604
The Joint Library of Ophthalmology,26,59.09090909090909,2024-10-17,14:11:57.473590
"Queen Square Institute of Neurology, Queen Square Library",13,44.827586206896555,2024-10-17,14:11:57.473632
Bartlett Library,30,43.47826086956522,2024-10-17,14:11:57.473496
SSEES Library,71,40.340909090909086,2024-10-17,14:11:57.473659
Institute of Archaeology Library,19,32.758620689655174,2024-10-17,14:11:57.473561
Student Centre,211,32.61205564142195,2024-10-17,14:11:57.473684
Science Library,295,32.13507625272331,2024-10-17,14:11:57.473671
Main Library,168,26.88,2024-10-17,14:11:57.473618
Cruciform Hub,59,23.88663967611336,2024-10-17,14:11:57.473516
Graduate Hub (Postgraduate use only),13,23.636363636363637,2024-10-17,14:11:57.473532
IOE Library,68,20.73170731707317,2024-10-17,14:11:57.473576
School of Pharmacy Library,11,18.64406779661017,2024-10-17,14:11:57.473645
UCL East Library,111,73.50993377483444,2024-10-17,15:11:57.750365
Great Ormond Street Institute of Child Health Library,75,66.96428571428571,2024-10-17,15:11:57.750214
The Joint Library of Ophthalmology,27,61.36363636363637,2024-10-17,15:11:57.750258
"Queen Square Institute of Neurology, Queen Square Library",15,51.724137931034484,2024-10-17,15:11:57.750301
Language & Speech Science Library,29,50.877192982456144,2024-10-17,15:11:57.750272
SSEES Library,82,46.590909090909086,2024-10-17,15:11:57.750327
School of Pharmacy Library,26,44.06779661016949,2024-10-17,15:11:57.750314
Bartlett Library,26,37.68115942028986,2024-10-17,15:11:57.750164
Institute of Archaeology Library,20,34.48275862068966,2024-10-17,15:11:57.750230
Main Library,200,32.0,2024-10-17,15:11:57.750287
Graduate Hub (Postgraduate use only),17,30.909090909090907,2024-10-17,15:11:57.750200
Science Library,281,30.610021786492375,2024-10-17,15:11:57.750340
Student Centre,190,29.36630602782071,2024-10-17,15:11:57.750352
Cruciform Hub,71,28.74493927125506,2024-10-17,15:11:57.750184
IOE Library,70,21.341463414634145,2024-10-17,15:11:57.750244
UCL East Library,115,76.15894039735099,2024-10-17,16:15:39.894995
Great Ormond Street Institute of Child Health Library,72,64.28571428571429,2024-10-17,16:15:39.894842
The Joint Library of Ophthalmology,28,63.63636363636363,2024-10-17,16:15:39.894885
Language & Speech Science Library,34,59.64912280701754,2024-10-17,16:15:39.894899
"Queen Square Institute of Neurology, Queen Square Library",17,58.620689655172406,2024-10-17,16:15:39.894927
SSEES Library,101,57.38636363636363,2024-10-17,16:15:39.894954
Bartlett Library,27,39.130434782608695,2024-10-17,16:15:39.894792
Institute of Archaeology Library,22,37.93103448275862,2024-10-17,16:15:39.894857
Science Library,338,36.81917211328976,2024-10-17,16:15:39.894967
Main Library,219,35.04,2024-10-17,16:15:39.894913
School of Pharmacy Library,20,33.89830508474576,2024-10-17,16:15:39.894940
Student Centre,184,28.438948995363216,2024-10-17,16:15:39.894979
Cruciform Hub,70,28.34008097165992,2024-10-17,16:15:39.894812
Graduate Hub (Postgraduate use only),14,25.454545454545453,2024-10-17,16:15:39.894827
IOE Library,75,22.865853658536587,2024-10-17,16:15:39.894871
UCL East Library,129,85.43046357615894,2024-10-17,17:10:59.015370
Language & Speech Science Library,45,78.94736842105263,2024-10-17,17:10:59.015269
Great Ormond Street Institute of Child Health Library,80,71.42857142857143,2024-10-17,17:10:59.015216
SSEES Library,117,66.47727272727273,2024-10-17,17:10:59.015331
"Queen Square Institute of Neurology, Queen Square Library",18,62.06896551724138,2024-10-17,17:10:59.015303
Bartlett Library,37,53.62318840579711,2024-10-17,17:10:59.015148
Institute of Archaeology Library,28,48.275862068965516,2024-10-17,17:10:59.015232
Science Library,417,45.42483660130719,2024-10-17,17:10:59.015344
School of Pharmacy Library,26,44.06779661016949,2024-10-17,17:10:59.015318
Main Library,274,43.84,2024-10-17,17:10:59.015284
Cruciform Hub,99,40.08097165991903,2024-10-17,17:10:59.015168
IOE Library,93,28.353658536585364,2024-10-17,17:10:59.015247
Student Centre,177,27.35703245749614,2024-10-17,17:10:59.015357
Graduate Hub (Postgraduate use only),14,25.454545454545453,2024-10-17,17:10:59.015184
The Joint Library of Ophthalmology,-1,-1.0,2024-10-17,17:10:59.015255
UCL East Library,138,91.3907284768212,2024-10-17,18:14:47.940844
Language & Speech Science Library,48,84.21052631578947,2024-10-17,18:14:47.940751
SSEES Library,144,81.81818181818183,2024-10-17,18:14:47.940806
"Queen Square Institute of Neurology, Queen Square Library",22,75.86206896551724,2024-10-17,18:14:47.940779
Bartlett Library,50,72.46376811594203,2024-10-17,18:14:47.940651
Cruciform Hub,158,63.96761133603239,2024-10-17,18:14:47.940672
Institute of Archaeology Library,37,63.793103448275865,2024-10-17,18:14:47.940710
Graduate Hub (Postgraduate use only),33,60.0,2024-10-17,18:14:47.940687
Science Library,541,58.932461873638346,2024-10-17,18:14:47.940819
School of Pharmacy Library,34,57.6271186440678,2024-10-17,18:14:47.940793
Main Library,358,57.28,2024-10-17,18:14:47.940765
IOE Library,170,51.829268292682926,2024-10-17,18:14:47.940725
Student Centre,253,39.10355486862442,2024-10-17,18:14:47.940831
The Joint Library of Ophthalmology,-1,-1.0,2024-10-17,18:14:47.940733
Great Ormond Street Institute of Child Health Library,-1,-1.0,2024-10-17,18:14:47.940696
UCL East Library,145,96.02649006622516,2024-10-17,19:10:33.905659
SSEES Library,164,93.18181818181817,2024-10-17,19:10:33.905621
Language & Speech Science Library,48,84.21052631578947,2024-10-17,19:10:33.905569
Bartlett Library,56,81.15942028985508,2024-10-17,19:10:33.905475
Graduate Hub (Postgraduate use only),42,76.36363636363637,2024-10-17,19:10:33.905510
Main Library,453,72.48,2024-10-17,19:10:33.905583
Institute of Archaeology Library,42,72.41379310344827,2024-10-17,19:10:33.905533
Science Library,657,71.56862745098039,2024-10-17,19:10:33.905634
Cruciform Hub,164,66.39676113360325,2024-10-17,19:10:33.905495
School of Pharmacy Library,33,55.932203389830505,2024-10-17,19:10:33.905608
IOE Library,177,53.963414634146346,2024-10-17,19:10:33.905547
Student Centre,285,44.04945904173106,2024-10-17,19:10:33.905647
Great Ormond Street Institute of Child Health Library,-1,-1.0,2024-10-17,19:10:33.905518
The Joint Library of Ophthalmology,-1,-1.0,2024-10-17,19:10:33.905555
"Queen Square Institute of Neurology, Queen Square Library",-1,-1.0,2024-10-17,19:10:33.905591
UCL East Library,145,96.02649006622516,2024-10-17,20:13:23.485928
Institute of Archaeology Library,52,89.65517241379311,2024-10-17,20:13:23.485810
SSEES Library,157,89.20454545454545,2024-10-17,20:13:23.485889
School of Pharmacy Library,48,81.35593220338984,2024-10-17,20:13:23.485875
Main Library,498,79.67999999999999,2024-10-17,20:13:23.485854
Graduate Hub (Postgraduate use only),43,78.18181818181819,2024-10-17,20:13:23.485787
Science Library,696,75.81699346405229,2024-10-17,20:13:23.485902
Cruciform Hub,179,72.46963562753037,2024-10-17,20:13:23.485770
IOE Library,217,66.15853658536585,2024-10-17,20:13:23.485824
Student Centre,329,50.8500772797527,2024-10-17,20:13:23.485915
Bartlett Library,-1,-1.0,2024-10-17,20:13:23.485748
The Joint Library of Ophthalmology,-1,-1.0,2024-10-17,20:13:23.485832
Great Ormond Street Institute of Child Health Library,-1,-1.0,2024-10-17,20:13:23.485795
"Queen Square Institute of Neurology, Queen Square Library",-1,-1.0,2024-10-17,20:13:23.485861
Language & Speech Science Library,-1,-1.0,2024-10-17,20:13:23.485839
UCL East Library,150,99.33774834437085,2024-10-17,21:11:29.403241
Science Library,775,84.42265795206971,2024-10-17,21:11:29.403210
Main Library,518,82.88,2024-10-17,21:11:29.403166
School of Pharmacy Library,44,74.57627118644068,2024-10-17,21:11:29.403188
Graduate Hub (Postgraduate use only),39,70.9090909090909,2024-10-17,21:11:29.403111
Student Centre,385,59.50540958268934,2024-10-17,21:11:29.403224
Bartlett Library,-1,-1.0,2024-10-17,21:11:29.403080
The Joint Library of Ophthalmology,-1,-1.0,2024-10-17,21:11:29.403142
IOE Library,-1,-1.0,2024-10-17,21:11:29.403135
Institute of Archaeology Library,-1,-1.0,2024-10-17,21:11:29.403127
Great Ormond Street Institute of Child Health Library,-1,-1.0,2024-10-17,21:11:29.403119
Cruciform Hub,-1,-1.0,2024-10-17,21:11:29.403093
Language & Speech Science Library,-1,-1.0,2024-10-17,21:11:29.403150
"Queen Square Institute of Neurology, Queen Square Library",-1,-1.0,2024-10-17,21:11:29.403174
SSEES Library,-1,-1.0,2024-10-17,21:11:29.403196
UCL East Library,150,99.33774834437085,2024-10-17,22:11:48.480769
Science Library,821,89.43355119825708,2024-10-17,22:11:48.480737
Graduate Hub (Postgraduate use only),49,89.0909090909091,2024-10-17,22:11:48.480644
Main Library,530,84.8,2024-10-17,22:11:48.480699
Student Centre,439,67.85162287480681,2024-10-17,22:11:48.480755
Bartlett Library,-1,-1.0,2024-10-17,22:11:48.480613
Cruciform Hub,-1,-1.0,2024-10-17,22:11:48.480626
The Joint Library of Ophthalmology,-1,-1.0,2024-10-17,22:11:48.480676
IOE Library,-1,-1.0,2024-10-17,22:11:48.480668
Institute of Archaeology Library,-1,-1.0,2024-10-17,22:11:48.480660
Great Ormond Street Institute of Child Health Library,-1,-1.0,2024-10-17,22:11:48.480652
School of Pharmacy Library,-1,-1.0,2024-10-17,22:11:48.480715
"Queen Square Institute of Neurology, Queen Square Library",-1,-1.0,2024-10-17,22:11:48.480707
Language & Speech Science Library,-1,-1.0,2024-10-17,22:11:48.480683
SSEES Library,-1,-1.0,2024-10-17,22:11:48.480723
UCL East Library,150,99.33774834437085,2024-10-17,23:12:16.123594
Graduate Hub (Postgraduate use only),53,96.36363636363636,2024-10-17,23:12:16.123468
Science Library,875,95.31590413943356,2024-10-17,23:12:16.123562
Main Library,538,86.08,2024-10-17,23:12:16.123523
Student Centre,502,77.58887171561051,2024-10-17,23:12:16.123580
Bartlett Library,-1,-1.0,2024-10-17,23:12:16.123437
Cruciform Hub,-1,-1.0,2024-10-17,23:12:16.123450
The Joint Library of Ophthalmology,-1,-1.0,2024-10-17,23:12:16.123500
IOE Library,-1,-1.0,2024-10-17,23:12:16.123492
Institute of Archaeology Library,-1,-1.0,2024-10-17,23:12:16.123485
Great Ormond Street Institute of Child Health Library,-1,-1.0,2024-10-17,23:12:16.123476
School of Pharmacy Library,-1,-1.0,2024-10-17,23:12:16.123539
"Queen Square Institute of Neurology, Queen Square Library",-1,-1.0,2024-10-17,23:12:16.123531
Language & Speech Science Library,-1,-1.0,2024-10-17,23:12:16.123508
SSEES Library,-1,-1.0,2024-10-17,23:12:16.123547
Institute of Archaeology Library,58,100.0,2024-10-18,00:56:46.447714
UCL East Library,149,98.67549668874173,2024-10-18,00:56:46.447853
Graduate Hub (Postgraduate use only),54,98.18181818181819,2024-10-18,00:56:46.447685
"Queen Square Institute of Neurology, Queen Square Library",28,96.55172413793103,2024-10-18,00:56:46.447789
Language & Speech Science Library,55,96.49122807017544,2024-10-18,00:56:46.447761
SSEES Library,166,94.31818181818183,2024-10-18,00:56:46.447816
Bartlett Library,65,94.20289855072464,2024-10-18,00:56:46.447649
Main Library,576,92.16,2024-10-18,00:56:46.447776
Science Library,821,89.43355119825708,2024-10-18,00:56:46.447828
School of Pharmacy Library,51,86.4406779661017,2024-10-18,00:56:46.447803
Student Centre,543,83.9258114374034,2024-10-18,00:56:46.447840
Cruciform Hub,201,81.37651821862349,2024-10-18,00:56:46.447670
Great Ormond Street Institute of Child Health Library,81,72.32142857142857,2024-10-18,00:56:46.447700
IOE Library,230,70.1219512195122,2024-10-18,00:56:46.447729
The Joint Library of Ophthalmology,27,61.36363636363637,2024-10-18,00:56:46.447747
Institute of Archaeology Library,58,100.0,2024-10-18,02:16:37.226547
UCL East Library,150,99.33774834437085,2024-10-18,02:16:37.226686
"Queen Square Institute of Neurology, Queen Square Library",28,96.55172413793103,2024-10-18,02:16:37.226621
Graduate Hub (Postgraduate use only),53,96.36363636363636,2024-10-18,02:16:37.226517
Bartlett Library,66,95.65217391304348,2024-10-18,02:16:37.226480
SSEES Library,168,95.45454545454545,2024-10-18,02:16:37.226647
Language & Speech Science Library,54,94.73684210526315,2024-10-18,02:16:37.226593
Student Centre,578,89.3353941267388,2024-10-18,02:16:37.226673
Main Library,556,88.96,2024-10-18,02:16:37.226607
School of Pharmacy Library,52,88.13559322033898,2024-10-18,02:16:37.226634
Science Library,802,87.36383442265794,2024-10-18,02:16:37.226660
Cruciform Hub,204,82.5910931174089,2024-10-18,02:16:37.226502
Great Ormond Street Institute of Child Health Library,90,80.35714285714286,2024-10-18,02:16:37.226532
IOE Library,236,71.95121951219512,2024-10-18,02:16:37.226561
The Joint Library of Ophthalmology,26,59.09090909090909,2024-10-18,02:16:37.226575
Institute of Archaeology Library,58,100.0,2024-10-18,03:19:47.547140
UCL East Library,150,99.33774834437085,2024-10-18,03:19:47.547281
Graduate Hub (Postgraduate use only),54,98.18181818181819,2024-10-18,03:19:47.547111
"Queen Square Institute of Neurology, Queen Square Library",28,96.55172413793103,2024-10-18,03:19:47.547213
Language & Speech Science Library,55,96.49122807017544,2024-10-18,03:19:47.547184
SSEES Library,168,95.45454545454545,2024-10-18,03:19:47.547239
Bartlett Library,65,94.20289855072464,2024-10-18,03:19:47.547075
Science Library,863,94.0087145969499,2024-10-18,03:19:47.547255
Main Library,585,93.60000000000001,2024-10-18,03:19:47.547199
School of Pharmacy Library,54,91.52542372881356,2024-10-18,03:19:47.547226
Student Centre,588,90.88098918083463,2024-10-18,03:19:47.547268
Great Ormond Street Institute of Child Health Library,93,83.03571428571429,2024-10-18,03:19:47.547125
Cruciform Hub,205,82.99595141700405,2024-10-18,03:19:47.547095
IOE Library,229,69.8170731707317,2024-10-18,03:19:47.547155
The Joint Library of Ophthalmology,27,61.36363636363637,2024-10-18,03:19:47.547169
Institute of Archaeology Library,58,100.0,2024-10-18,04:15:22.800760
UCL East Library,150,99.33774834437085,2024-10-18,04:15:22.800895
Graduate Hub (Postgraduate use only),54,98.18181818181819,2024-10-18,04:15:22.800730
Bartlett Library,67,97.10144927536231,2024-10-18,04:15:22.800696
SSEES Library,170,96.5909090909091,2024-10-18,04:15:22.800858
"Queen Square Institute of Neurology, Queen Square Library",28,96.55172413793103,2024-10-18,04:15:22.800829
Language & Speech Science Library,55,96.49122807017544,2024-10-18,04:15:22.800801
Science Library,869,94.66230936819173,2024-10-18,04:15:22.800870
Main Library,583,93.28,2024-10-18,04:15:22.800815
School of Pharmacy Library,52,88.13559322033898,2024-10-18,04:15:22.800844
Student Centre,569,87.94435857805254,2024-10-18,04:15:22.800882
Cruciform Hub,208,84.21052631578947,2024-10-18,04:15:22.800716
Great Ormond Street Institute of Child Health Library,85,75.89285714285714,2024-10-18,04:15:22.800745
IOE Library,215,65.54878048780488,2024-10-18,04:15:22.800774
The Joint Library of Ophthalmology,26,59.09090909090909,2024-10-18,04:15:22.800787
Institute of Archaeology Library,58,100.0,2024-10-18,05:12:46.018155
UCL East Library,150,99.33774834437085,2024-10-18,05:12:46.018293
Bartlett Library,67,97.10144927536231,2024-10-18,05:12:46.018090
SSEES Library,170,96.5909090909091,2024-10-18,05:12:46.018252
"Queen Square Institute of Neurology, Queen Square Library",28,96.55172413793103,2024-10-18,05:12:46.018225
Language & Speech Science Library,55,96.49122807017544,2024-10-18,05:12:46.018197
Graduate Hub (Postgraduate use only),53,96.36363636363636,2024-10-18,05:12:46.018126
Science Library,822,89.54248366013073,2024-10-18,05:12:46.018268
School of Pharmacy Library,50,84.7457627118644,2024-10-18,05:12:46.018239
Cruciform Hub,207,83.80566801619433,2024-10-18,05:12:46.018110
Main Library,507,81.12,2024-10-18,05:12:46.018212
Student Centre,501,77.43431221020093,2024-10-18,05:12:46.018281
Great Ormond Street Institute of Child Health Library,86,76.78571428571429,2024-10-18,05:12:46.018140
IOE Library,239,72.86585365853658,2024-10-18,05:12:46.018170
The Joint Library of Ophthalmology,27,61.36363636363637,2024-10-18,05:12:46.018183
UCL East Library,150,99.33774834437085,2024-10-18,06:17:17.236405
Bartlett Library,68,98.55072463768117,2024-10-18,06:17:17.236197
Graduate Hub (Postgraduate use only),54,98.18181818181819,2024-10-18,06:17:17.236234
"Queen Square Institute of Neurology, Queen Square Library",28,96.55172413793103,2024-10-18,06:17:17.236339
Institute of Archaeology Library,54,93.10344827586206,2024-10-18,06:17:17.236264
School of Pharmacy Library,54,91.52542372881356,2024-10-18,06:17:17.236352
Main Library,549,87.83999999999999,2024-10-18,06:17:17.236321
Cruciform Hub,215,87.04453441295547,2024-10-18,06:17:17.236218
SSEES Library,151,85.79545454545455,2024-10-18,06:17:17.236366
Great Ormond Street Institute of Child Health Library,89,79.46428571428571,2024-10-18,06:17:17.236248
Student Centre,509,78.67078825347758,2024-10-18,06:17:17.236392
Science Library,705,76.79738562091504,2024-10-18,06:17:17.236380
Language & Speech Science Library,42,73.68421052631578,2024-10-18,06:17:17.236307
IOE Library,235,71.64634146341463,2024-10-18,06:17:17.236278
The Joint Library of Ophthalmology,28,63.63636363636363,2024-10-18,06:17:17.236293
Institute of Archaeology Library,58,100.0,2024-10-18,07:11:58.816393
UCL East Library,150,99.33774834437085,2024-10-18,07:11:58.816532
"Queen Square Institute of Neurology, Queen Square Library",28,96.55172413793103,2024-10-18,07:11:58.816464
Language & Speech Science Library,55,96.49122807017544,2024-10-18,07:11:58.816436
SSEES Library,167,94.88636363636364,2024-10-18,07:11:58.816490
Bartlett Library,65,94.20289855072464,2024-10-18,07:11:58.816327
School of Pharmacy Library,55,93.22033898305084,2024-10-18,07:11:58.816477
Science Library,811,88.34422657952071,2024-10-18,07:11:58.816506
Main Library,542,86.72,2024-10-18,07:11:58.816450
Cruciform Hub,214,86.63967611336032,2024-10-18,07:11:58.816348
Student Centre,538,83.15301391035548,2024-10-18,07:11:58.816519
Great Ormond Street Institute of Child Health Library,89,79.46428571428571,2024-10-18,07:11:58.816378
Graduate Hub (Postgraduate use only),42,76.36363636363637,2024-10-18,07:11:58.816363
IOE Library,239,72.86585365853658,2024-10-18,07:11:58.816408
The Joint Library of Ophthalmology,27,61.36363636363637,2024-10-18,07:11:58.816422
UCL East Library,147,97.35099337748345,2024-10-18,08:16:03.091279
Graduate Hub (Postgraduate use only),52,94.54545454545455,2024-10-18,08:16:03.091111
SSEES Library,166,94.31818181818183,2024-10-18,08:16:03.091242
School of Pharmacy Library,55,93.22033898305084,2024-10-18,08:16:03.091229
Language & Speech Science Library,53,92.98245614035088,2024-10-18,08:16:03.091187
Main Library,560,89.60000000000001,2024-10-18,08:16:03.091202
Science Library,821,89.43355119825708,2024-10-18,08:16:03.091255
Bartlett Library,61,88.40579710144928,2024-10-18,08:16:03.091071
"Queen Square Institute of Neurology, Queen Square Library",25,86.20689655172413,2024-10-18,08:16:03.091216
Great Ormond Street Institute of Child Health Library,94,83.92857142857143,2024-10-18,08:16:03.091125
Institute of Archaeology Library,48,82.75862068965517,2024-10-18,08:16:03.091141
Student Centre,520,80.370942812983,2024-10-18,08:16:03.091267
Cruciform Hub,194,78.54251012145748,2024-10-18,08:16:03.091096
IOE Library,221,67.3780487804878,2024-10-18,08:16:03.091156
The Joint Library of Ophthalmology,27,61.36363636363637,2024-10-18,08:16:03.091173
UCL East Library,139,92.05298013245033,2024-10-18,09:13:25.129913
Language & Speech Science Library,51,89.47368421052632,2024-10-18,09:13:25.129818
SSEES Library,151,85.79545454545455,2024-10-18,09:13:25.129873
Bartlett Library,57,82.6086956521739,2024-10-18,09:13:25.129710
Great Ormond Street Institute of Child Health Library,92,82.14285714285714,2024-10-18,09:13:25.129761
Graduate Hub (Postgraduate use only),43,78.18181818181819,2024-10-18,09:13:25.129746
Institute of Archaeology Library,45,77.58620689655173,2024-10-18,09:13:25.129776
Main Library,473,75.68,2024-10-18,09:13:25.129832
Science Library,691,75.2723311546841,2024-10-18,09:13:25.129885
Cruciform Hub,168,68.0161943319838,2024-10-18,09:13:25.129730
Student Centre,413,63.83307573415765,2024-10-18,09:13:25.129898
School of Pharmacy Library,37,62.71186440677966,2024-10-18,09:13:25.129859
IOE Library,202,61.58536585365854,2024-10-18,09:13:25.129790
"Queen Square Institute of Neurology, Queen Square Library",17,58.620689655172406,2024-10-18,09:13:25.129846
The Joint Library of Ophthalmology,24,54.54545454545454,2024-10-18,09:13:25.129804
"Queen Square Institute of Neurology, Queen Square Library",24,82.75862068965517,2024-10-18,10:14:00.970602
Language & Speech Science Library,45,78.94736842105263,2024-10-18,10:14:00.970574
UCL East Library,119,78.80794701986756,2024-10-18,10:14:00.970670
Great Ormond Street Institute of Child Health Library,86,76.78571428571429,2024-10-18,10:14:00.970517
SSEES Library,132,75.0,2024-10-18,10:14:00.970628
Science Library,556,60.56644880174292,2024-10-18,10:14:00.970644
The Joint Library of Ophthalmology,26,59.09090909090909,2024-10-18,10:14:00.970560
Main Library,356,56.96,2024-10-18,10:14:00.970588
Bartlett Library,34,49.275362318840585,2024-10-18,10:14:00.970467
Graduate Hub (Postgraduate use only),26,47.27272727272727,2024-10-18,10:14:00.970502
Institute of Archaeology Library,25,43.103448275862064,2024-10-18,10:14:00.970532
Cruciform Hub,105,42.51012145748988,2024-10-18,10:14:00.970487
Student Centre,263,40.64914992272025,2024-10-18,10:14:00.970657
IOE Library,132,40.243902439024396,2024-10-18,10:14:00.970546
School of Pharmacy Library,16,27.11864406779661,2024-10-18,10:14:00.970615
Language & Speech Science Library,48,84.21052631578947,2024-10-18,11:10:31.000588
UCL East Library,111,73.50993377483444,2024-10-18,11:10:31.000682
Great Ormond Street Institute of Child Health Library,82,73.21428571428571,2024-10-18,11:10:31.000533
SSEES Library,128,72.72727272727273,2024-10-18,11:10:31.000642
"Queen Square Institute of Neurology, Queen Square Library",20,68.96551724137932,2024-10-18,11:10:31.000616
The Joint Library of Ophthalmology,28,63.63636363636363,2024-10-18,11:10:31.000575
Bartlett Library,38,55.072463768115945,2024-10-18,11:10:31.000484
Science Library,464,50.54466230936819,2024-10-18,11:10:31.000654
Main Library,299,47.839999999999996,2024-10-18,11:10:31.000603
Institute of Archaeology Library,24,41.37931034482759,2024-10-18,11:10:31.000547
Cruciform Hub,100,40.48582995951417,2024-10-18,11:10:31.000504
Graduate Hub (Postgraduate use only),20,36.36363636363637,2024-10-18,11:10:31.000519
IOE Library,117,35.670731707317074,2024-10-18,11:10:31.000561
Student Centre,221,34.15765069551777,2024-10-18,11:10:31.000670
School of Pharmacy Library,15,25.423728813559322,2024-10-18,11:10:31.000629
Language & Speech Science Library,47,82.45614035087719,2024-10-18,12:22:10.790611
UCL East Library,120,79.47019867549669,2024-10-18,12:22:10.790707
SSEES Library,122,69.31818181818183,2024-10-18,12:22:10.790665
Great Ormond Street Institute of Child Health Library,72,64.28571428571429,2024-10-18,12:22:10.790553
Bartlett Library,44,63.76811594202898,2024-10-18,12:22:10.790504
The Joint Library of Ophthalmology,25,56.81818181818182,2024-10-18,12:22:10.790597
Institute of Archaeology Library,30,51.724137931034484,2024-10-18,12:22:10.790569
"Queen Square Institute of Neurology, Queen Square Library",14,48.275862068965516,2024-10-18,12:22:10.790639
Main Library,294,47.04,2024-10-18,12:22:10.790625
Science Library,410,44.66230936819172,2024-10-18,12:22:10.790682
Cruciform Hub,108,43.7246963562753,2024-10-18,12:22:10.790523
IOE Library,100,30.48780487804878,2024-10-18,12:22:10.790583
Graduate Hub (Postgraduate use only),16,29.09090909090909,2024-10-18,12:22:10.790539
Student Centre,174,26.89335394126739,2024-10-18,12:22:10.790694
School of Pharmacy Library,14,23.728813559322035,2024-10-18,12:22:10.790652
UCL East Library,116,76.82119205298014,2024-10-18,13:20:24.508641
Great Ormond Street Institute of Child Health Library,80,71.42857142857143,2024-10-18,13:20:24.508485
Language & Speech Science Library,40,70.17543859649122,2024-10-18,13:20:24.508544
The Joint Library of Ophthalmology,27,61.36363636363637,2024-10-18,13:20:24.508530
SSEES Library,101,57.38636363636363,2024-10-18,13:20:24.508603
Bartlett Library,36,52.17391304347826,2024-10-18,13:20:24.508432
"Queen Square Institute of Neurology, Queen Square Library",14,48.275862068965516,2024-10-18,13:20:24.508573
Institute of Archaeology Library,25,43.103448275862064,2024-10-18,13:20:24.508501
Main Library,248,39.68,2024-10-18,13:20:24.508559
Science Library,356,38.77995642701525,2024-10-18,13:20:24.508616
Cruciform Hub,94,38.05668016194332,2024-10-18,13:20:24.508454
School of Pharmacy Library,22,37.28813559322034,2024-10-18,13:20:24.508589
Graduate Hub (Postgraduate use only),14,25.454545454545453,2024-10-18,13:20:24.508470
Student Centre,159,24.57496136012365,2024-10-18,13:20:24.508628
IOE Library,79,24.085365853658537,2024-10-18,13:20:24.508515
Language & Speech Science Library,45,78.94736842105263,2024-10-18,14:11:24.139936
UCL East Library,115,76.15894039735099,2024-10-18,14:11:24.140031
Great Ormond Street Institute of Child Health Library,80,71.42857142857143,2024-10-18,14:11:24.139880
The Joint Library of Ophthalmology,26,59.09090909090909,2024-10-18,14:11:24.139923
SSEES Library,100,56.81818181818182,2024-10-18,14:11:24.139991
Bartlett Library,35,50.72463768115942,2024-10-18,14:11:24.139830
Institute of Archaeology Library,25,43.103448275862064,2024-10-18,14:11:24.139895
Science Library,372,40.52287581699346,2024-10-18,14:11:24.140003
"Queen Square Institute of Neurology, Queen Square Library",11,37.93103448275862,2024-10-18,14:11:24.139964
Main Library,219,35.04,2024-10-18,14:11:24.139951
Graduate Hub (Postgraduate use only),18,32.72727272727273,2024-10-18,14:11:24.139865
School of Pharmacy Library,18,30.508474576271187,2024-10-18,14:11:24.139977
Student Centre,192,29.675425038639876,2024-10-18,14:11:24.140018
IOE Library,94,28.65853658536585,2024-10-18,14:11:24.139909
Cruciform Hub,63,25.506072874493928,2024-10-18,14:11:24.139850
UCL East Library,113,74.83443708609272,2024-10-18,15:12:35.749764
Great Ormond Street Institute of Child Health Library,82,73.21428571428571,2024-10-18,15:12:35.749611
Language & Speech Science Library,40,70.17543859649122,2024-10-18,15:12:35.749673
SSEES Library,117,66.47727272727273,2024-10-18,15:12:35.749727
The Joint Library of Ophthalmology,28,63.63636363636363,2024-10-18,15:12:35.749655
Bartlett Library,36,52.17391304347826,2024-10-18,15:12:35.749561
"Queen Square Institute of Neurology, Queen Square Library",15,51.724137931034484,2024-10-18,15:12:35.749701
Institute of Archaeology Library,25,43.103448275862064,2024-10-18,15:12:35.749626
School of Pharmacy Library,25,42.3728813559322,2024-10-18,15:12:35.749714
Graduate Hub (Postgraduate use only),23,41.81818181818181,2024-10-18,15:12:35.749597
Science Library,352,38.344226579520694,2024-10-18,15:12:35.749740
IOE Library,112,34.146341463414636,2024-10-18,15:12:35.749641
Main Library,212,33.92,2024-10-18,15:12:35.749687
Cruciform Hub,76,30.76923076923077,2024-10-18,15:12:35.749581
Student Centre,183,28.284389489953632,2024-10-18,15:12:35.749752
UCL East Library,122,80.79470198675497,2024-10-18,16:14:45.671882
"Queen Square Institute of Neurology, Queen Square Library",22,75.86206896551724,2024-10-18,16:14:45.671816
Language & Speech Science Library,43,75.43859649122807,2024-10-18,16:14:45.671788
SSEES Library,128,72.72727272727273,2024-10-18,16:14:45.671842
Great Ormond Street Institute of Child Health Library,81,72.32142857142857,2024-10-18,16:14:45.671731
Institute of Archaeology Library,35,60.3448275862069,2024-10-18,16:14:45.671746
The Joint Library of Ophthalmology,26,59.09090909090909,2024-10-18,16:14:45.671774
Bartlett Library,31,44.927536231884055,2024-10-18,16:14:45.671682
Science Library,398,43.35511982570806,2024-10-18,16:14:45.671854
Main Library,258,41.28,2024-10-18,16:14:45.671802
School of Pharmacy Library,24,40.67796610169492,2024-10-18,16:14:45.671829
IOE Library,119,36.28048780487805,2024-10-18,16:14:45.671760
Cruciform Hub,89,36.032388663967616,2024-10-18,16:14:45.671702
Graduate Hub (Postgraduate use only),19,34.54545454545455,2024-10-18,16:14:45.671717
Student Centre,215,33.23029366306028,2024-10-18,16:14:45.671870
Language & Speech Science Library,50,87.71929824561403,2024-10-18,17:11:00.371434
Bartlett Library,58,84.05797101449275,2024-10-18,17:11:00.371327
UCL East Library,125,82.78145695364239,2024-10-18,17:11:00.371525
SSEES Library,143,81.25,2024-10-18,17:11:00.371488
Great Ormond Street Institute of Child Health Library,83,74.10714285714286,2024-10-18,17:11:00.371381
"Queen Square Institute of Neurology, Queen Square Library",21,72.41379310344827,2024-10-18,17:11:00.371462
Institute of Archaeology Library,33,56.896551724137936,2024-10-18,17:11:00.371395
School of Pharmacy Library,33,55.932203389830505,2024-10-18,17:11:00.371475
Science Library,499,54.35729847494554,2024-10-18,17:11:00.371501
Main Library,317,50.72,2024-10-18,17:11:00.371448
IOE Library,158,48.170731707317074,2024-10-18,17:11:00.371410
Cruciform Hub,112,45.34412955465587,2024-10-18,17:11:00.371347
Graduate Hub (Postgraduate use only),21,38.18181818181819,2024-10-18,17:11:00.371366
Student Centre,229,35.394126738794434,2024-10-18,17:11:00.371513
The Joint Library of Ophthalmology,-1,-1.0,2024-10-18,17:11:00.371417
Language & Speech Science Library,54,94.73684210526315,2024-10-18,18:15:49.307340
SSEES Library,161,91.47727272727273,2024-10-18,18:15:49.307400
UCL East Library,138,91.3907284768212,2024-10-18,18:15:49.307438
Institute of Archaeology Library,48,82.75862068965517,2024-10-18,18:15:49.307304
"Queen Square Institute of Neurology, Queen Square Library",23,79.3103448275862,2024-10-18,18:15:49.307369
Bartlett Library,54,78.26086956521739,2024-10-18,18:15:49.307244
Graduate Hub (Postgraduate use only),42,76.36363636363637,2024-10-18,18:15:49.307281
Science Library,650,70.80610021786492,2024-10-18,18:15:49.307413
Cruciform Hub,171,69.23076923076923,2024-10-18,18:15:49.307265
Main Library,428,68.47999999999999,2024-10-18,18:15:49.307354
School of Pharmacy Library,39,66.10169491525424,2024-10-18,18:15:49.307386
IOE Library,173,52.743902439024396,2024-10-18,18:15:49.307319
Student Centre,338,52.24111282843895,2024-10-18,18:15:49.307425
The Joint Library of Ophthalmology,-1,-1.0,2024-10-18,18:15:49.307326
Great Ormond Street Institute of Child Health Library,-1,-1.0,2024-10-18,18:15:49.307289
Language & Speech Science Library,55,96.49122807017544,2024-10-18,19:10:00.501712
UCL East Library,140,92.71523178807946,2024-10-18,19:10:00.501804
SSEES Library,159,90.3409090909091,2024-10-18,19:10:00.501765
Graduate Hub (Postgraduate use only),46,83.63636363636363,2024-10-18,19:10:00.501652
Bartlett Library,57,82.6086956521739,2024-10-18,19:10:00.501617
Science Library,720,78.43137254901961,2024-10-18,19:10:00.501779
Cruciform Hub,180,72.8744939271255,2024-10-18,19:10:00.501637
Institute of Archaeology Library,42,72.41379310344827,2024-10-18,19:10:00.501675
Main Library,448,71.67999999999999,2024-10-18,19:10:00.501730
School of Pharmacy Library,42,71.1864406779661,2024-10-18,19:10:00.501752
Student Centre,419,64.76043276661515,2024-10-18,19:10:00.501791
IOE Library,196,59.756097560975604,2024-10-18,19:10:00.501690
Great Ormond Street Institute of Child Health Library,-1,-1.0,2024-10-18,19:10:00.501660
The Joint Library of Ophthalmology,-1,-1.0,2024-10-18,19:10:00.501698
"Queen Square Institute of Neurology, Queen Square Library",-1,-1.0,2024-10-18,19:10:00.501737
UCL East Library,149,98.67549668874173,2024-10-18,20:12:52.044507
Institute of Archaeology Library,56,96.55172413793103,2024-10-18,20:12:52.044381
SSEES Library,167,94.88636363636364,2024-10-18,20:12:52.044464
School of Pharmacy Library,50,84.7457627118644,2024-10-18,20:12:52.044449
Science Library,775,84.42265795206971,2024-10-18,20:12:52.044477
Graduate Hub (Postgraduate use only),46,83.63636363636363,2024-10-18,20:12:52.044359
Main Library,511,81.76,2024-10-18,20:12:52.044427
Cruciform Hub,186,75.30364372469636,2024-10-18,20:12:52.044342
Student Centre,456,70.47913446676971,2024-10-18,20:12:52.044494
IOE Library,209,63.71951219512195,2024-10-18,20:12:52.044396
Bartlett Library,-1,-1.0,2024-10-18,20:12:52.044319
The Joint Library of Ophthalmology,-1,-1.0,2024-10-18,20:12:52.044405
Great Ormond Street Institute of Child Health Library,-1,-1.0,2024-10-18,20:12:52.044367
"Queen Square Institute of Neurology, Queen Square Library",-1,-1.0,2024-10-18,20:12:52.044435
Language & Speech Science Library,-1,-1.0,2024-10-18,20:12:52.044412
UCL East Library,150,99.33774834437085,2024-10-18,21:12:01.718654
Science Library,815,88.77995642701525,2024-10-18,21:12:01.718626
Main Library,524,83.84,2024-10-18,21:12:01.718583
Graduate Hub (Postgraduate use only),46,83.63636363636363,2024-10-18,21:12:01.718529
School of Pharmacy Library,49,83.05084745762711,2024-10-18,21:12:01.718605
Student Centre,484,74.80680061823803,2024-10-18,21:12:01.718641
Bartlett Library,-1,-1.0,2024-10-18,21:12:01.718499
The Joint Library of Ophthalmology,-1,-1.0,2024-10-18,21:12:01.718560
IOE Library,-1,-1.0,2024-10-18,21:12:01.718552
Institute of Archaeology Library,-1,-1.0,2024-10-18,21:12:01.718545
Great Ormond Street Institute of Child Health Library,-1,-1.0,2024-10-18,21:12:01.718537
Cruciform Hub,-1,-1.0,2024-10-18,21:12:01.718511
Language & Speech Science Library,-1,-1.0,2024-10-18,21:12:01.718568
"Queen Square Institute of Neurology, Queen Square Library",-1,-1.0,2024-10-18,21:12:01.718590
SSEES Library,-1,-1.0,2024-10-18,21:12:01.718613
UCL East Library,150,99.33774834437085,2024-10-18,22:10:43.838969
Graduate Hub (Postgraduate use only),51,92.72727272727272,2024-10-18,22:10:43.838848
Science Library,839,91.39433551198258,2024-10-18,22:10:43.838940
Main Library,549,87.83999999999999,2024-10-18,22:10:43.838903
Student Centre,523,80.83462132921174,2024-10-18,22:10:43.838955
Bartlett Library,-1,-1.0,2024-10-18,22:10:43.838817
Cruciform Hub,-1,-1.0,2024-10-18,22:10:43.838830
The Joint Library of Ophthalmology,-1,-1.0,2024-10-18,22:10:43.838880
IOE Library,-1,-1.0,2024-10-18,22:10:43.838872
Institute of Archaeology Library,-1,-1.0,2024-10-18,22:10:43.838864
Great Ormond Street Institute of Child Health Library,-1,-1.0,2024-10-18,22:10:43.838856
School of Pharmacy Library,-1,-1.0,2024-10-18,22:10:43.838918
"Queen Square Institute of Neurology, Queen Square Library",-1,-1.0,2024-10-18,22:10:43.838911
Language & Speech Science Library,-1,-1.0,2024-10-18,22:10:43.838887
SSEES Library,-1,-1.0,2024-10-18,22:10:43.838926
UCL East Library,150,99.33774834437085,2024-10-18,23:11:12.359509
Graduate Hub (Postgraduate use only),54,98.18181818181819,2024-10-18,23:11:12.359387
Main Library,579,92.64,2024-10-18,23:11:12.359442
Science Library,798,86.9281045751634,2024-10-18,23:11:12.359480
Student Centre,541,83.61669242658424,2024-10-18,23:11:12.359495
Bartlett Library,-1,-1.0,2024-10-18,23:11:12.359355
Cruciform Hub,-1,-1.0,2024-10-18,23:11:12.359368
The Joint Library of Ophthalmology,-1,-1.0,2024-10-18,23:11:12.359419
IOE Library,-1,-1.0,2024-10-18,23:11:12.359411
Institute of Archaeology Library,-1,-1.0,2024-10-18,23:11:12.359403
Great Ormond Street Institute of Child Health Library,-1,-1.0,2024-10-18,23:11:12.359395
School of Pharmacy Library,-1,-1.0,2024-10-18,23:11:12.359458
"Queen Square Institute of Neurology, Queen Square Library",-1,-1.0,2024-10-18,23:11:12.359450
Language & Speech Science Library,-1,-1.0,2024-10-18,23:11:12.359426
SSEES Library,-1,-1.0,2024-10-18,23:11:12.359465
Institute of Archaeology Library,58,100.0,2024-10-19,00:56:23.715114
Graduate Hub (Postgraduate use only),54,98.18181818181819,2024-10-19,00:56:23.715088
UCL East Library,145,96.02649006622516,2024-10-19,00:56:23.715236
SSEES Library,169,96.02272727272727,2024-10-19,00:56:23.715198
Science Library,871,94.880174291939,2024-10-19,00:56:23.715211
Bartlett Library,65,94.20289855072464,2024-10-19,00:56:23.715059
School of Pharmacy Library,54,91.52542372881356,2024-10-19,00:56:23.715183
Main Library,567,90.72,2024-10-19,00:56:23.715159
Student Centre,581,89.79907264296754,2024-10-19,00:56:23.715224
IOE Library,225,68.59756097560977,2024-10-19,00:56:23.715129
Cruciform Hub,-1,-1.0,2024-10-19,00:56:23.715071
The Joint Library of Ophthalmology,-1,-1.0,2024-10-19,00:56:23.715137
Great Ormond Street Institute of Child Health Library,-1,-1.0,2024-10-19,00:56:23.715096
"Queen Square Institute of Neurology, Queen Square Library",-1,-1.0,2024-10-19,00:56:23.715167
Language & Speech Science Library,-1,-1.0,2024-10-19,00:56:23.715144
Institute of Archaeology Library,58,100.0,2024-10-19,02:13:43.301673
UCL East Library,150,99.33774834437085,2024-10-19,02:13:43.301820
Graduate Hub (Postgraduate use only),54,98.18181818181819,2024-10-19,02:13:43.301649
SSEES Library,169,96.02272727272727,2024-10-19,02:13:43.301780
Bartlett Library,66,95.65217391304348,2024-10-19,02:13:43.301620
Science Library,865,94.22657952069716,2024-10-19,02:13:43.301794
School of Pharmacy Library,55,93.22033898305084,2024-10-19,02:13:43.301766
Main Library,573,91.67999999999999,2024-10-19,02:13:43.301743
Student Centre,590,91.19010819165379,2024-10-19,02:13:43.301807
IOE Library,240,73.17073170731707,2024-10-19,02:13:43.301688
Cruciform Hub,-1,-1.0,2024-10-19,02:13:43.301632
The Joint Library of Ophthalmology,-1,-1.0,2024-10-19,02:13:43.301696
Great Ormond Street Institute of Child Health Library,-1,-1.0,2024-10-19,02:13:43.301658
"Queen Square Institute of Neurology, Queen Square Library",-1,-1.0,2024-10-19,02:13:43.301752
Language & Speech Science Library,-1,-1.0,2024-10-19,02:13:43.301704
Institute of Archaeology Library,58,100.0,2024-10-19,03:16:50.145071
UCL East Library,150,99.33774834437085,2024-10-19,03:16:50.145191
Graduate Hub (Postgraduate use only),54,98.18181818181819,2024-10-19,03:16:50.145048
SSEES Library,170,96.5909090909091,2024-10-19,03:16:50.145152
Science Library,879,95.75163398692811,2024-10-19,03:16:50.145165
Main Library,579,92.64,2024-10-19,03:16:50.145115
School of Pharmacy Library,54,91.52542372881356,2024-10-19,03:16:50.145137
Bartlett Library,63,91.30434782608695,2024-10-19,03:16:50.145019
Student Centre,589,91.03554868624421,2024-10-19,03:16:50.145179
IOE Library,241,73.47560975609755,2024-10-19,03:16:50.145086
Cruciform Hub,-1,-1.0,2024-10-19,03:16:50.145032
The Joint Library of Ophthalmology,-1,-1.0,2024-10-19,03:16:50.145093
Great Ormond Street Institute of Child Health Library,-1,-1.0,2024-10-19,03:16:50.145056
"Queen Square Institute of Neurology, Queen Square Library",-1,-1.0,2024-10-19,03:16:50.145123
Language & Speech Science Library,-1,-1.0,2024-10-19,03:16:50.145101
Institute of Archaeology Library,58,100.0,2024-10-19,04:14:21.565851
UCL East Library,149,98.67549668874173,2024-10-19,04:14:21.565972
Graduate Hub (Postgraduate use only),54,98.18181818181819,2024-10-19,04:14:21.565828
SSEES Library,169,96.02272727272727,2024-10-19,04:14:21.565934
Bartlett Library,66,95.65217391304348,2024-10-19,04:14:21.565798
Student Centre,605,93.50850077279753,2024-10-19,04:14:21.565960
Main Library,574,91.84,2024-10-19,04:14:21.565898
School of Pharmacy Library,54,91.52542372881356,2024-10-19,04:14:21.565920
Science Library,837,91.17647058823529,2024-10-19,04:14:21.565947
IOE Library,242,73.78048780487805,2024-10-19,04:14:21.565866
Cruciform Hub,-1,-1.0,2024-10-19,04:14:21.565811
The Joint Library of Ophthalmology,-1,-1.0,2024-10-19,04:14:21.565876
Great Ormond Street Institute of Child Health Library,-1,-1.0,2024-10-19,04:14:21.565836
"Queen Square Institute of Neurology, Queen Square Library",-1,-1.0,2024-10-19,04:14:21.565906
Language & Speech Science Library,-1,-1.0,2024-10-19,04:14:21.565884
UCL East Library,150,99.33774834437085,2024-10-19,05:11:10.246500
Institute of Archaeology Library,57,98.27586206896551,2024-10-19,05:11:10.246382
SSEES Library,171,97.1590909090909,2024-10-19,05:11:10.246461
Bartlett Library,65,94.20289855072464,2024-10-19,05:11:10.246329
Main Library,583,93.28,2024-10-19,05:11:10.246426
School of Pharmacy Library,55,93.22033898305084,2024-10-19,05:11:10.246447
Science Library,854,93.02832244008714,2024-10-19,05:11:10.246474
Student Centre,565,87.32612055641422,2024-10-19,05:11:10.246487
IOE Library,235,71.64634146341463,2024-10-19,05:11:10.246396
Graduate Hub (Postgraduate use only),35,63.63636363636363,2024-10-19,05:11:10.246358
Cruciform Hub,-1,-1.0,2024-10-19,05:11:10.246342
The Joint Library of Ophthalmology,-1,-1.0,2024-10-19,05:11:10.246404
Great Ormond Street Institute of Child Health Library,-1,-1.0,2024-10-19,05:11:10.246367
"Queen Square Institute of Neurology, Queen Square Library",-1,-1.0,2024-10-19,05:11:10.246433
Language & Speech Science Library,-1,-1.0,2024-10-19,05:11:10.246411
UCL East Library,150,99.33774834437085,2024-10-19,06:15:26.416892
Institute of Archaeology Library,57,98.27586206896551,2024-10-19,06:15:26.416765
Graduate Hub (Postgraduate use only),54,98.18181818181819,2024-10-19,06:15:26.416743
SSEES Library,169,96.02272727272727,2024-10-19,06:15:26.416850
Bartlett Library,65,94.20289855072464,2024-10-19,06:15:26.416713
Main Library,586,93.76,2024-10-19,06:15:26.416810
Science Library,846,92.15686274509804,2024-10-19,06:15:26.416865
School of Pharmacy Library,54,91.52542372881356,2024-10-19,06:15:26.416836
Student Centre,573,88.56259659969088,2024-10-19,06:15:26.416879
IOE Library,233,71.03658536585365,2024-10-19,06:15:26.416780
Cruciform Hub,-1,-1.0,2024-10-19,06:15:26.416726
The Joint Library of Ophthalmology,-1,-1.0,2024-10-19,06:15:26.416788
Great Ormond Street Institute of Child Health Library,-1,-1.0,2024-10-19,06:15:26.416750
"Queen Square Institute of Neurology, Queen Square Library",-1,-1.0,2024-10-19,06:15:26.416817
Language & Speech Science Library,-1,-1.0,2024-10-19,06:15:26.416795
Institute of Archaeology Library,58,100.0,2024-10-19,07:12:17.114433
UCL East Library,150,99.33774834437085,2024-10-19,07:12:17.114557
Graduate Hub (Postgraduate use only),54,98.18181818181819,2024-10-19,07:12:17.114410
SSEES Library,169,96.02272727272727,2024-10-19,07:12:17.114517
Bartlett Library,66,95.65217391304348,2024-10-19,07:12:17.114380
Main Library,584,93.44,2024-10-19,07:12:17.114477
School of Pharmacy Library,55,93.22033898305084,2024-10-19,07:12:17.114499
Student Centre,589,91.03554868624421,2024-10-19,07:12:17.114544
Science Library,791,86.16557734204792,2024-10-19,07:12:17.114531
IOE Library,228,69.51219512195121,2024-10-19,07:12:17.114448
Cruciform Hub,-1,-1.0,2024-10-19,07:12:17.114393
The Joint Library of Ophthalmology,-1,-1.0,2024-10-19,07:12:17.114455
Great Ormond Street Institute of Child Health Library,-1,-1.0,2024-10-19,07:12:17.114418
"Queen Square Institute of Neurology, Queen Square Library",-1,-1.0,2024-10-19,07:12:17.114485
Language & Speech Science Library,-1,-1.0,2024-10-19,07:12:17.114463
Institute of Archaeology Library,58,100.0,2024-10-19,08:14:07.837022
UCL East Library,150,99.33774834437085,2024-10-19,08:14:07.837144
Graduate Hub (Postgraduate use only),54,98.18181818181819,2024-10-19,08:14:07.837000
SSEES Library,172,97.72727272727273,2024-10-19,08:14:07.837103
Science Library,880,95.86056644880175,2024-10-19,08:14:07.837117
Bartlett Library,65,94.20289855072464,2024-10-19,08:14:07.836971
Main Library,585,93.60000000000001,2024-10-19,08:14:07.837067
School of Pharmacy Library,55,93.22033898305084,2024-10-19,08:14:07.837088
Student Centre,580,89.64451313755795,2024-10-19,08:14:07.837131
IOE Library,242,73.78048780487805,2024-10-19,08:14:07.837037
Cruciform Hub,-1,-1.0,2024-10-19,08:14:07.836983
The Joint Library of Ophthalmology,-1,-1.0,2024-10-19,08:14:07.837045
Great Ormond Street Institute of Child Health Library,-1,-1.0,2024-10-19,08:14:07.837007
"Queen Square Institute of Neurology, Queen Square Library",-1,-1.0,2024-10-19,08:14:07.837074
Language & Speech Science Library,-1,-1.0,2024-10-19,08:14:07.837052
Institute of Archaeology Library,58,100.0,2024-10-19,09:11:19.963977
UCL East Library,150,99.33774834437085,2024-10-19,09:11:19.964100
Graduate Hub (Postgraduate use only),54,98.18181818181819,2024-10-19,09:11:19.963955
SSEES Library,169,96.02272727272727,2024-10-19,09:11:19.964060
Science Library,880,95.86056644880175,2024-10-19,09:11:19.964074
Bartlett Library,65,94.20289855072464,2024-10-19,09:11:19.963925
Main Library,584,93.44,2024-10-19,09:11:19.964023
School of Pharmacy Library,51,86.4406779661017,2024-10-19,09:11:19.964046
Student Centre,557,86.08964451313756,2024-10-19,09:11:19.964087
IOE Library,233,71.03658536585365,2024-10-19,09:11:19.963992
Cruciform Hub,-1,-1.0,2024-10-19,09:11:19.963939
The Joint Library of Ophthalmology,-1,-1.0,2024-10-19,09:11:19.964000
Great Ormond Street Institute of Child Health Library,-1,-1.0,2024-10-19,09:11:19.963963
"Queen Square Institute of Neurology, Queen Square Library",-1,-1.0,2024-10-19,09:11:19.964031
Language & Speech Science Library,-1,-1.0,2024-10-19,09:11:19.964008
Graduate Hub (Postgraduate use only),54,98.18181818181819,2024-10-19,10:11:29.283136
UCL East Library,145,96.02649006622516,2024-10-19,10:11:29.283287
SSEES Library,167,94.88636363636364,2024-10-19,10:11:29.283243
Science Library,860,93.68191721132898,2024-10-19,10:11:29.283257
Bartlett Library,64,92.7536231884058,2024-10-19,10:11:29.283107
Institute of Archaeology Library,53,91.37931034482759,2024-10-19,10:11:29.283160
Main Library,561,89.75999999999999,2024-10-19,10:11:29.283206
School of Pharmacy Library,52,88.13559322033898,2024-10-19,10:11:29.283228
Student Centre,510,78.82534775888718,2024-10-19,10:11:29.283271
IOE Library,219,66.76829268292683,2024-10-19,10:11:29.283175
Cruciform Hub,-1,-1.0,2024-10-19,10:11:29.283119
The Joint Library of Ophthalmology,-1,-1.0,2024-10-19,10:11:29.283183
Great Ormond Street Institute of Child Health Library,-1,-1.0,2024-10-19,10:11:29.283145
"Queen Square Institute of Neurology, Queen Square Library",-1,-1.0,2024-10-19,10:11:29.283214
Language & Speech Science Library,-1,-1.0,2024-10-19,10:11:29.283191
SSEES Library,170,96.5909090909091,2024-10-19,11:09:14.752567
Graduate Hub (Postgraduate use only),53,96.36363636363636,2024-10-19,11:09:14.752465
Institute of Archaeology Library,54,93.10344827586206,2024-10-19,11:09:14.752487
UCL East Library,140,92.71523178807946,2024-10-19,11:09:14.752608
Science Library,842,91.72113289760348,2024-10-19,11:09:14.752580
School of Pharmacy Library,53,89.83050847457628,2024-10-19,11:09:14.752552
Bartlett Library,56,81.15942028985508,2024-10-19,11:09:14.752436
Main Library,486,77.75999999999999,2024-10-19,11:09:14.752531
Student Centre,472,72.95208655332303,2024-10-19,11:09:14.752596
IOE Library,200,60.97560975609756,2024-10-19,11:09:14.752502
Cruciform Hub,-1,-1.0,2024-10-19,11:09:14.752448
The Joint Library of Ophthalmology,-1,-1.0,2024-10-19,11:09:14.752510
Great Ormond Street Institute of Child Health Library,-1,-1.0,2024-10-19,11:09:14.752473
"Queen Square Institute of Neurology, Queen Square Library",-1,-1.0,2024-10-19,11:09:14.752539
Language & Speech Science Library,-1,-1.0,2024-10-19,11:09:14.752517
SSEES Library,164,93.18181818181817,2024-10-19,12:21:02.113884
Science Library,803,87.4727668845316,2024-10-19,12:21:02.113897
Graduate Hub (Postgraduate use only),47,85.45454545454545,2024-10-19,12:21:02.113777
UCL East Library,126,83.44370860927152,2024-10-19,12:21:02.113923
Bartlett Library,55,79.71014492753623,2024-10-19,12:21:02.113748
School of Pharmacy Library,46,77.96610169491525,2024-10-19,12:21:02.113870
Institute of Archaeology Library,45,77.58620689655173,2024-10-19,12:21:02.113800
Main Library,445,71.2,2024-10-19,12:21:02.113848
Student Centre,389,60.123647604327665,2024-10-19,12:21:02.113911
IOE Library,193,58.84146341463414,2024-10-19,12:21:02.113815
Cruciform Hub,-1,-1.0,2024-10-19,12:21:02.113761
The Joint Library of Ophthalmology,-1,-1.0,2024-10-19,12:21:02.113823
Great Ormond Street Institute of Child Health Library,-1,-1.0,2024-10-19,12:21:02.113785
"Queen Square Institute of Neurology, Queen Square Library",-1,-1.0,2024-10-19,12:21:02.113855
Language & Speech Science Library,-1,-1.0,2024-10-19,12:21:02.113830
SSEES Library,161,91.47727272727273,2024-10-19,13:16:42.266889
UCL East Library,125,82.78145695364239,2024-10-19,13:16:42.266932
Science Library,752,81.91721132897604,2024-10-19,13:16:42.266906
Institute of Archaeology Library,47,81.03448275862068,2024-10-19,13:16:42.266808
Graduate Hub (Postgraduate use only),44,80.0,2024-10-19,13:16:42.266785
Bartlett Library,50,72.46376811594203,2024-10-19,13:16:42.266754
Main Library,398,63.68000000000001,2024-10-19,13:16:42.266852
School of Pharmacy Library,37,62.71186440677966,2024-10-19,13:16:42.266874
IOE Library,164,50.0,2024-10-19,13:16:42.266822
Student Centre,307,47.44976816074188,2024-10-19,13:16:42.266919
Cruciform Hub,-1,-1.0,2024-10-19,13:16:42.266767
The Joint Library of Ophthalmology,-1,-1.0,2024-10-19,13:16:42.266830
Great Ormond Street Institute of Child Health Library,-1,-1.0,2024-10-19,13:16:42.266793
"Queen Square Institute of Neurology, Queen Square Library",-1,-1.0,2024-10-19,13:16:42.266860
Language & Speech Science Library,-1,-1.0,2024-10-19,13:16:42.266838
SSEES Library,161,91.47727272727273,2024-10-19,14:10:55.661566
UCL East Library,123,81.45695364238411,2024-10-19,14:10:55.661605
Institute of Archaeology Library,47,81.03448275862068,2024-10-19,14:10:55.661481
Bartlett Library,51,73.91304347826086,2024-10-19,14:10:55.661428
Science Library,677,73.74727668845316,2024-10-19,14:10:55.661579
Graduate Hub (Postgraduate use only),40,72.72727272727273,2024-10-19,14:10:55.661458
School of Pharmacy Library,41,69.49152542372882,2024-10-19,14:10:55.661551
Main Library,351,56.16,2024-10-19,14:10:55.661526
IOE Library,151,46.03658536585366,2024-10-19,14:10:55.661496
Student Centre,282,43.585780525502315,2024-10-19,14:10:55.661592
Cruciform Hub,-1,-1.0,2024-10-19,14:10:55.661441
The Joint Library of Ophthalmology,-1,-1.0,2024-10-19,14:10:55.661504
Great Ormond Street Institute of Child Health Library,-1,-1.0,2024-10-19,14:10:55.661466
"Queen Square Institute of Neurology, Queen Square Library",-1,-1.0,2024-10-19,14:10:55.661534
Language & Speech Science Library,-1,-1.0,2024-10-19,14:10:55.661511
SSEES Library,158,89.77272727272727,2024-10-19,15:10:50.417173
Institute of Archaeology Library,48,82.75862068965517,2024-10-19,15:10:50.417090
UCL East Library,116,76.82119205298014,2024-10-19,15:10:50.417212
Graduate Hub (Postgraduate use only),42,76.36363636363637,2024-10-19,15:10:50.417063
School of Pharmacy Library,45,76.27118644067797,2024-10-19,15:10:50.417159
Science Library,656,71.45969498910677,2024-10-19,15:10:50.417187
Bartlett Library,46,66.66666666666666,2024-10-19,15:10:50.417034
Main Library,336,53.76,2024-10-19,15:10:50.417137
IOE Library,139,42.3780487804878,2024-10-19,15:10:50.417106
Student Centre,254,39.258114374034,2024-10-19,15:10:50.417200
Cruciform Hub,-1,-1.0,2024-10-19,15:10:50.417047
The Joint Library of Ophthalmology,-1,-1.0,2024-10-19,15:10:50.417115
Great Ormond Street Institute of Child Health Library,-1,-1.0,2024-10-19,15:10:50.417072
"Queen Square Institute of Neurology, Queen Square Library",-1,-1.0,2024-10-19,15:10:50.417144
Language & Speech Science Library,-1,-1.0,2024-10-19,15:10:50.417122
SSEES Library,152,86.36363636363636,2024-10-19,16:13:30.067442
School of Pharmacy Library,48,81.35593220338984,2024-10-19,16:13:30.067421
Institute of Archaeology Library,46,79.3103448275862,2024-10-19,16:13:30.067354
UCL East Library,115,76.15894039735099,2024-10-19,16:13:30.067482
Science Library,659,71.78649237472767,2024-10-19,16:13:30.067456
Bartlett Library,49,71.01449275362319,2024-10-19,16:13:30.067302
Graduate Hub (Postgraduate use only),38,69.0909090909091,2024-10-19,16:13:30.067331
Main Library,324,51.839999999999996,2024-10-19,16:13:30.067400
IOE Library,151,46.03658536585366,2024-10-19,16:13:30.067369
Student Centre,253,39.10355486862442,2024-10-19,16:13:30.067469
Cruciform Hub,-1,-1.0,2024-10-19,16:13:30.067315
The Joint Library of Ophthalmology,-1,-1.0,2024-10-19,16:13:30.067377
Great Ormond Street Institute of Child Health Library,-1,-1.0,2024-10-19,16:13:30.067340
"Queen Square Institute of Neurology, Queen Square Library",-1,-1.0,2024-10-19,16:13:30.067407
Language & Speech Science Library,-1,-1.0,2024-10-19,16:13:30.067385
Institute of Archaeology Library,52,89.65517241379311,2024-10-19,17:10:52.170306
UCL East Library,119,78.80794701986756,2024-10-19,17:10:52.170427
Graduate Hub (Postgraduate use only),42,76.36363636363637,2024-10-19,17:10:52.170282
Science Library,696,75.81699346405229,2024-10-19,17:10:52.170401
Bartlett Library,50,72.46376811594203,2024-10-19,17:10:52.170253
School of Pharmacy Library,42,71.1864406779661,2024-10-19,17:10:52.170373
Main Library,358,57.28,2024-10-19,17:10:52.170351
IOE Library,158,48.170731707317074,2024-10-19,17:10:52.170321
Student Centre,278,42.96754250386399,2024-10-19,17:10:52.170414
Cruciform Hub,-1,-1.0,2024-10-19,17:10:52.170265
Great Ormond Street Institute of Child Health Library,-1,-1.0,2024-10-19,17:10:52.170290
The Joint Library of Ophthalmology,-1,-1.0,2024-10-19,17:10:52.170329
Language & Speech Science Library,-1,-1.0,2024-10-19,17:10:52.170336
"Queen Square Institute of Neurology, Queen Square Library",-1,-1.0,2024-10-19,17:10:52.170359
SSEES Library,-1,-1.0,2024-10-19,17:10:52.170382
UCL East Library,136,90.06622516556291,2024-10-19,18:14:23.043658
Science Library,740,80.61002178649237,2024-10-19,18:14:23.043631
Graduate Hub (Postgraduate use only),44,80.0,2024-10-19,18:14:23.043531
Main Library,418,66.88,2024-10-19,18:14:23.043592
IOE Library,186,56.70731707317073,2024-10-19,18:14:23.043562
Student Centre,301,46.52241112828439,2024-10-19,18:14:23.043645
Bartlett Library,-1,-1.0,2024-10-19,18:14:23.043499
The Joint Library of Ophthalmology,-1,-1.0,2024-10-19,18:14:23.043570
Institute of Archaeology Library,-1,-1.0,2024-10-19,18:14:23.043547
Great Ormond Street Institute of Child Health Library,-1,-1.0,2024-10-19,18:14:23.043539
Cruciform Hub,-1,-1.0,2024-10-19,18:14:23.043512
School of Pharmacy Library,-1,-1.0,2024-10-19,18:14:23.043608
"Queen Square Institute of Neurology, Queen Square Library",-1,-1.0,2024-10-19,18:14:23.043600
Language & Speech Science Library,-1,-1.0,2024-10-19,18:14:23.043578
SSEES Library,-1,-1.0,2024-10-19,18:14:23.043616
Graduate Hub (Postgraduate use only),52,94.54545454545455,2024-10-19,19:09:57.140101
UCL East Library,139,92.05298013245033,2024-10-19,19:09:57.140232
Science Library,766,83.44226579520696,2024-10-19,19:09:57.140204
Main Library,437,69.92,2024-10-19,19:09:57.140163
IOE Library,200,60.97560975609756,2024-10-19,19:09:57.140133
Student Centre,366,56.568778979907265,2024-10-19,19:09:57.140219
Bartlett Library,-1,-1.0,2024-10-19,19:09:57.140070
The Joint Library of Ophthalmology,-1,-1.0,2024-10-19,19:09:57.140141
Institute of Archaeology Library,-1,-1.0,2024-10-19,19:09:57.140117
Great Ormond Street Institute of Child Health Library,-1,-1.0,2024-10-19,19:09:57.140109
Cruciform Hub,-1,-1.0,2024-10-19,19:09:57.140083
School of Pharmacy Library,-1,-1.0,2024-10-19,19:09:57.140178
"Queen Square Institute of Neurology, Queen Square Library",-1,-1.0,2024-10-19,19:09:57.140171
Language & Speech Science Library,-1,-1.0,2024-10-19,19:09:57.140149
SSEES Library,-1,-1.0,2024-10-19,19:09:57.140186
UCL East Library,143,94.70198675496688,2024-10-19,20:12:44.067647
Graduate Hub (Postgraduate use only),49,89.0909090909091,2024-10-19,20:12:44.067515
Science Library,808,88.01742919389977,2024-10-19,20:12:44.067619
Main Library,484,77.44,2024-10-19,20:12:44.067582
IOE Library,212,64.63414634146342,2024-10-19,20:12:44.067547
Student Centre,389,60.123647604327665,2024-10-19,20:12:44.067634
Bartlett Library,-1,-1.0,2024-10-19,20:12:44.067484
The Joint Library of Ophthalmology,-1,-1.0,2024-10-19,20:12:44.067555
Institute of Archaeology Library,-1,-1.0,2024-10-19,20:12:44.067531
Great Ormond Street Institute of Child Health Library,-1,-1.0,2024-10-19,20:12:44.067523
Cruciform Hub,-1,-1.0,2024-10-19,20:12:44.067497
School of Pharmacy Library,-1,-1.0,2024-10-19,20:12:44.067597
"Queen Square Institute of Neurology, Queen Square Library",-1,-1.0,2024-10-19,20:12:44.067590
Language & Speech Science Library,-1,-1.0,2024-10-19,20:12:44.067562
SSEES Library,-1,-1.0,2024-10-19,20:12:44.067606
UCL East Library,150,99.33774834437085,2024-10-19,21:11:14.601170
Student Centre,387,59.8145285935085,2024-10-19,21:11:14.601155
Bartlett Library,-1,-1.0,2024-10-19,21:11:14.601041
Great Ormond Street Institute of Child Health Library,-1,-1.0,2024-10-19,21:11:14.601069
Institute of Archaeology Library,-1,-1.0,2024-10-19,21:11:14.601077
Cruciform Hub,-1,-1.0,2024-10-19,21:11:14.601053
Graduate Hub (Postgraduate use only),-1,-1.0,2024-10-19,21:11:14.601062
The Joint Library of Ophthalmology,-1,-1.0,2024-10-19,21:11:14.601092
IOE Library,-1,-1.0,2024-10-19,21:11:14.601085
Language & Speech Science Library,-1,-1.0,2024-10-19,21:11:14.601099
Main Library,-1,-1.0,2024-10-19,21:11:14.601107
School of Pharmacy Library,-1,-1.0,2024-10-19,21:11:14.601122
"Queen Square Institute of Neurology, Queen Square Library",-1,-1.0,2024-10-19,21:11:14.601115
Science Library,-1,-1.0,2024-10-19,21:11:14.601138
SSEES Library,-1,-1.0,2024-10-19,21:11:14.601130
UCL East Library,150,99.33774834437085,2024-10-19,22:11:31.372539
Student Centre,449,69.39721792890263,2024-10-19,22:11:31.372523
Bartlett Library,-1,-1.0,2024-10-19,22:11:31.372408
Great Ormond Street Institute of Child Health Library,-1,-1.0,2024-10-19,22:11:31.372437
Institute of Archaeology Library,-1,-1.0,2024-10-19,22:11:31.372444
Cruciform Hub,-1,-1.0,2024-10-19,22:11:31.372421
Graduate Hub (Postgraduate use only),-1,-1.0,2024-10-19,22:11:31.372429
The Joint Library of Ophthalmology,-1,-1.0,2024-10-19,22:11:31.372459
IOE Library,-1,-1.0,2024-10-19,22:11:31.372452
Language & Speech Science Library,-1,-1.0,2024-10-19,22:11:31.372466
Main Library,-1,-1.0,2024-10-19,22:11:31.372473
School of Pharmacy Library,-1,-1.0,2024-10-19,22:11:31.372487
"Queen Square Institute of Neurology, Queen Square Library",-1,-1.0,2024-10-19,22:11:31.372480
Science Library,-1,-1.0,2024-10-19,22:11:31.372506
SSEES Library,-1,-1.0,2024-10-19,22:11:31.372499
UCL East Library,150,99.33774834437085,2024-10-19,23:11:31.271393
Student Centre,515,79.59814528593509,2024-10-19,23:11:31.271377
Bartlett Library,-1,-1.0,2024-10-19,23:11:31.271263
Great Ormond Street Institute of Child Health Library,-1,-1.0,2024-10-19,23:11:31.271292
Institute of Archaeology Library,-1,-1.0,2024-10-19,23:11:31.271300
Cruciform Hub,-1,-1.0,2024-10-19,23:11:31.271276
Graduate Hub (Postgraduate use only),-1,-1.0,2024-10-19,23:11:31.271284
The Joint Library of Ophthalmology,-1,-1.0,2024-10-19,23:11:31.271315
IOE Library,-1,-1.0,2024-10-19,23:11:31.271308
Language & Speech Science Library,-1,-1.0,2024-10-19,23:11:31.271323
Main Library,-1,-1.0,2024-10-19,23:11:31.271330
School of Pharmacy Library,-1,-1.0,2024-10-19,23:11:31.271345
"Queen Square Institute of Neurology, Queen Square Library",-1,-1.0,2024-10-19,23:11:31.271338
Science Library,-1,-1.0,2024-10-19,23:11:31.271360
SSEES Library,-1,-1.0,2024-10-19,23:11:31.271353
School of Pharmacy Library,39,66.10169491525424,2024-10-20,01:01:42.422538
Graduate Hub (Postgraduate use only),36,65.45454545454545,2024-10-20,01:01:42.422451
Science Library,558,60.78431372549019,2024-10-20,01:01:42.422562
Main Library,359,57.440000000000005,2024-10-20,01:01:42.422512
Student Centre,370,57.18701700154559,2024-10-20,01:01:42.422576
Cruciform Hub,141,57.08502024291497,2024-10-20,01:01:42.422435
UCL East Library,73,48.34437086092716,2024-10-20,01:01:42.422589
IOE Library,136,41.46341463414634,2024-10-20,01:01:42.422482
Institute of Archaeology Library,-1,-1.0,2024-10-20,01:01:42.422467
Great Ormond Street Institute of Child Health Library,-1,-1.0,2024-10-20,01:01:42.422459
Bartlett Library,-1,-1.0,2024-10-20,01:01:42.422412
The Joint Library of Ophthalmology,-1,-1.0,2024-10-20,01:01:42.422490
Language & Speech Science Library,-1,-1.0,2024-10-20,01:01:42.422497
"Queen Square Institute of Neurology, Queen Square Library",-1,-1.0,2024-10-20,01:01:42.422520
SSEES Library,-1,-1.0,2024-10-20,01:01:42.422546
School of Pharmacy Library,23,38.983050847457626,2024-10-20,02:52:12.616781
Student Centre,248,38.33075734157651,2024-10-20,02:52:12.616816
Main Library,229,36.64,2024-10-20,02:52:12.616759
Science Library,296,32.24400871459695,2024-10-20,02:52:12.616803
Cruciform Hub,75,30.364372469635626,2024-10-20,02:52:12.616683
IOE Library,96,29.268292682926827,2024-10-20,02:52:12.616730
Graduate Hub (Postgraduate use only),14,25.454545454545453,2024-10-20,02:52:12.616700
UCL East Library,0,0.0,2024-10-20,02:52:12.616830
Institute of Archaeology Library,-1,-1.0,2024-10-20,02:52:12.616715
Great Ormond Street Institute of Child Health Library,-1,-1.0,2024-10-20,02:52:12.616708
Bartlett Library,-1,-1.0,2024-10-20,02:52:12.616661
The Joint Library of Ophthalmology,-1,-1.0,2024-10-20,02:52:12.616738
Language & Speech Science Library,-1,-1.0,2024-10-20,02:52:12.616745
"Queen Square Institute of Neurology, Queen Square Library",-1,-1.0,2024-10-20,02:52:12.616767
SSEES Library,-1,-1.0,2024-10-20,02:52:12.616789
Graduate Hub (Postgraduate use only),49,89.0909090909091,2024-10-20,03:22:37.781398
School of Pharmacy Library,51,86.4406779661017,2024-10-20,03:22:37.781481
Science Library,730,79.520697167756,2024-10-20,03:22:37.781504
Student Centre,504,77.89799072642968,2024-10-20,03:22:37.781518
Cruciform Hub,191,77.32793522267207,2024-10-20,03:22:37.781382
Main Library,471,75.36,2024-10-20,03:22:37.781459
IOE Library,216,65.85365853658537,2024-10-20,03:22:37.781430
UCL East Library,0,0.0,2024-10-20,03:22:37.781532
Institute of Archaeology Library,-1,-1.0,2024-10-20,03:22:37.781414
Great Ormond Street Institute of Child Health Library,-1,-1.0,2024-10-20,03:22:37.781406
Bartlett Library,-1,-1.0,2024-10-20,03:22:37.781358
The Joint Library of Ophthalmology,-1,-1.0,2024-10-20,03:22:37.781438
Language & Speech Science Library,-1,-1.0,2024-10-20,03:22:37.781445
"Queen Square Institute of Neurology, Queen Square Library",-1,-1.0,2024-10-20,03:22:37.781467
SSEES Library,-1,-1.0,2024-10-20,03:22:37.781489
