Library,Free Seats,% Free,Date,Time,Opening Time,Closing Time
Bartlett Library,-1,-1.0,2024-10-27,18:41:29.726785,Closed,Closed
Cruciform Hub,170,68.82591093117408,2024-10-27,18:41:29.726806,1900-01-01 11:00:00,1900-01-01 21:00:00
Graduate Hub (Postgraduate use only),37,67.27272727272727,2024-10-27,18:41:29.726822,1900-01-01 11:00:00,1900-01-01 21:00:00
Great Ormond Street Institute of Child Health Library,-1,-1.0,2024-10-27,18:41:29.726830,Closed,Closed
Institute of Archaeology Library,-1,-1.0,2024-10-27,18:41:29.726838,Closed,Closed
IOE Library,181,55.1829268292683,2024-10-27,18:41:29.726852,1900-01-01 11:00:00,1900-01-01 21:00:00
The Joint Library of Ophthalmology,-1,-1.0,2024-10-27,18:41:29.726860,Closed,Closed
Language & Speech Science Library,-1,-1.0,2024-10-27,18:41:29.726867,Closed,Closed
Main Library,327,52.32,2024-10-27,18:41:29.726881,1900-01-01 11:00:00,1900-01-01 21:00:00
"Queen Square Institute of Neurology, Queen Square Library",-1,-1.0,2024-10-27,18:41:29.726889,Closed,Closed
School of Pharmacy Library,-1,-1.0,2024-10-27,18:41:29.726896,1900-01-01 13:00:00,1900-01-01 17:00:00
SSEES Library,-1,-1.0,2024-10-27,18:41:29.726904,Closed,Closed
Science Library,648,70.58823529411765,2024-10-27,18:41:29.726918,1900-01-01 11:00:00,1900-01-01 21:00:00
Student Centre,257,39.721792890262755,2024-10-27,18:41:29.726931,1900-01-01 00:01:00,1900-01-01 23:59:00
UCL East Library,109,72.18543046357617,2024-10-27,18:41:29.726944,1900-01-01 11:00:00,1900-01-01 21:00:00
Bartlett Library,-1,-1.0,2024-10-27,19:09:57.358122,Closed,Closed
Cruciform Hub,172,69.63562753036437,2024-10-27,19:09:57.358144,1900-01-01 11:00:00,1900-01-01 21:00:00
Graduate Hub (Postgraduate use only),34,61.81818181818181,2024-10-27,19:09:57.358161,1900-01-01 11:00:00,1900-01-01 21:00:00
Great Ormond Street Institute of Child Health Library,-1,-1.0,2024-10-27,19:09:57.358169,Closed,Closed
Institute of Archaeology Library,-1,-1.0,2024-10-27,19:09:57.358177,Closed,Closed
IOE Library,181,55.1829268292683,2024-10-27,19:09:57.358192,1900-01-01 11:00:00,1900-01-01 21:00:00
The Joint Library of Ophthalmology,-1,-1.0,2024-10-27,19:09:57.358199,Closed,Closed
Language & Speech Science Library,-1,-1.0,2024-10-27,19:09:57.358206,Closed,Closed
Main Library,358,57.28,2024-10-27,19:09:57.358220,1900-01-01 11:00:00,1900-01-01 21:00:00
"Queen Square Institute of Neurology, Queen Square Library",-1,-1.0,2024-10-27,19:09:57.358228,Closed,Closed
School of Pharmacy Library,-1,-1.0,2024-10-27,19:09:57.358235,1900-01-01 13:00:00,1900-01-01 17:00:00
SSEES Library,-1,-1.0,2024-10-27,19:09:57.358243,Closed,Closed
Science Library,693,75.49019607843137,2024-10-27,19:09:57.358257,1900-01-01 11:00:00,1900-01-01 21:00:00
Student Centre,268,41.42194744976816,2024-10-27,19:09:57.358270,1900-01-01 00:01:00,1900-01-01 23:59:00
UCL East Library,119,78.80794701986756,2024-10-27,19:09:57.358283,1900-01-01 11:00:00,1900-01-01 21:00:00
Bartlett Library,-1,-1.0,2024-10-27,20:12:26.503980,Closed,Closed
Cruciform Hub,194,78.54251012145748,2024-10-27,20:12:26.504003,1900-01-01 11:00:00,1900-01-01 21:00:00
Graduate Hub (Postgraduate use only),48,87.27272727272727,2024-10-27,20:12:26.504020,1900-01-01 11:00:00,1900-01-01 21:00:00
Great Ormond Street Institute of Child Health Library,-1,-1.0,2024-10-27,20:12:26.504028,Closed,Closed
Institute of Archaeology Library,-1,-1.0,2024-10-27,20:12:26.504036,Closed,Closed
IOE Library,214,65.2439024390244,2024-10-27,20:12:26.504051,1900-01-01 11:00:00,1900-01-01 21:00:00
The Joint Library of Ophthalmology,-1,-1.0,2024-10-27,20:12:26.504058,Closed,Closed
Language & Speech Science Library,-1,-1.0,2024-10-27,20:12:26.504066,Closed,Closed
Main Library,396,63.36000000000001,2024-10-27,20:12:26.504080,1900-01-01 11:00:00,1900-01-01 21:00:00
"Queen Square Institute of Neurology, Queen Square Library",-1,-1.0,2024-10-27,20:12:26.504088,Closed,Closed
School of Pharmacy Library,-1,-1.0,2024-10-27,20:12:26.504096,1900-01-01 13:00:00,1900-01-01 17:00:00
SSEES Library,-1,-1.0,2024-10-27,20:12:26.504103,Closed,Closed
Science Library,751,81.8082788671024,2024-10-27,20:12:26.504118,1900-01-01 11:00:00,1900-01-01 21:00:00
Student Centre,282,43.585780525502315,2024-10-27,20:12:26.504132,1900-01-01 00:01:00,1900-01-01 23:59:00
UCL East Library,125,82.78145695364239,2024-10-27,20:12:26.504145,1900-01-01 11:00:00,1900-01-01 21:00:00
Bartlett Library,-1,-1.0,2024-10-27,21:10:31.972192,Closed,Closed
Cruciform Hub,-1,-1.0,2024-10-27,21:10:31.972206,1900-01-01 11:00:00,1900-01-01 21:00:00
Graduate Hub (Postgraduate use only),-1,-1.0,2024-10-27,21:10:31.972215,1900-01-01 11:00:00,1900-01-01 21:00:00
Great Ormond Street Institute of Child Health Library,-1,-1.0,2024-10-27,21:10:31.972222,Closed,Closed
Institute of Archaeology Library,-1,-1.0,2024-10-27,21:10:31.972230,Closed,Closed
IOE Library,-1,-1.0,2024-10-27,21:10:31.972238,1900-01-01 11:00:00,1900-01-01 21:00:00
The Joint Library of Ophthalmology,-1,-1.0,2024-10-27,21:10:31.972245,Closed,Closed
Language & Speech Science Library,-1,-1.0,2024-10-27,21:10:31.972252,Closed,Closed
Main Library,-1,-1.0,2024-10-27,21:10:31.972260,1900-01-01 11:00:00,1900-01-01 21:00:00
"Queen Square Institute of Neurology, Queen Square Library",-1,-1.0,2024-10-27,21:10:31.972267,Closed,Closed
School of Pharmacy Library,-1,-1.0,2024-10-27,21:10:31.972274,1900-01-01 13:00:00,1900-01-01 17:00:00
SSEES Library,-1,-1.0,2024-10-27,21:10:31.972282,Closed,Closed
Science Library,-1,-1.0,2024-10-27,21:10:31.972293,1900-01-01 11:00:00,1900-01-01 21:00:00
Student Centre,292,45.13137557959814,2024-10-27,21:10:31.972310,1900-01-01 00:01:00,1900-01-01 23:59:00
UCL East Library,139,92.05298013245033,2024-10-27,21:10:31.972325,1900-01-01 11:00:00,1900-01-01 21:00:00
Bartlett Library,-1,-1.0,2024-10-27,22:12:01.244032,Closed,Closed
Cruciform Hub,-1,-1.0,2024-10-27,22:12:01.244045,1900-01-01 11:00:00,1900-01-01 21:00:00
Graduate Hub (Postgraduate use only),-1,-1.0,2024-10-27,22:12:01.244053,1900-01-01 11:00:00,1900-01-01 21:00:00
Great Ormond Street Institute of Child Health Library,-1,-1.0,2024-10-27,22:12:01.244060,Closed,Closed
Institute of Archaeology Library,-1,-1.0,2024-10-27,22:12:01.244068,Closed,Closed
IOE Library,-1,-1.0,2024-10-27,22:12:01.244076,1900-01-01 11:00:00,1900-01-01 21:00:00
The Joint Library of Ophthalmology,-1,-1.0,2024-10-27,22:12:01.244084,Closed,Closed
Language & Speech Science Library,-1,-1.0,2024-10-27,22:12:01.244091,Closed,Closed
Main Library,-1,-1.0,2024-10-27,22:12:01.244099,1900-01-01 11:00:00,1900-01-01 21:00:00
"Queen Square Institute of Neurology, Queen Square Library",-1,-1.0,2024-10-27,22:12:01.244107,Closed,Closed
School of Pharmacy Library,-1,-1.0,2024-10-27,22:12:01.244114,1900-01-01 13:00:00,1900-01-01 17:00:00
SSEES Library,-1,-1.0,2024-10-27,22:12:01.244122,Closed,Closed
Science Library,-1,-1.0,2024-10-27,22:12:01.244129,1900-01-01 11:00:00,1900-01-01 21:00:00
Student Centre,326,50.38639876352396,2024-10-27,22:12:01.244147,1900-01-01 00:01:00,1900-01-01 23:59:00
UCL East Library,150,99.33774834437085,2024-10-27,22:12:01.244162,1900-01-01 11:00:00,1900-01-01 21:00:00
Bartlett Library,-1,-1.0,2024-10-27,23:12:49.816155,Closed,Closed
Cruciform Hub,-1,-1.0,2024-10-27,23:12:49.816167,1900-01-01 11:00:00,1900-01-01 21:00:00
Graduate Hub (Postgraduate use only),-1,-1.0,2024-10-27,23:12:49.816176,1900-01-01 11:00:00,1900-01-01 21:00:00
Great Ormond Street Institute of Child Health Library,-1,-1.0,2024-10-27,23:12:49.816183,Closed,Closed
Institute of Archaeology Library,-1,-1.0,2024-10-27,23:12:49.816191,Closed,Closed
IOE Library,-1,-1.0,2024-10-27,23:12:49.816198,1900-01-01 11:00:00,1900-01-01 21:00:00
The Joint Library of Ophthalmology,-1,-1.0,2024-10-27,23:12:49.816206,Closed,Closed
Language & Speech Science Library,-1,-1.0,2024-10-27,23:12:49.816213,Closed,Closed
Main Library,-1,-1.0,2024-10-27,23:12:49.816224,1900-01-01 11:00:00,1900-01-01 21:00:00
"Queen Square Institute of Neurology, Queen Square Library",-1,-1.0,2024-10-27,23:12:49.816231,Closed,Closed
School of Pharmacy Library,-1,-1.0,2024-10-27,23:12:49.816239,1900-01-01 13:00:00,1900-01-01 17:00:00
SSEES Library,-1,-1.0,2024-10-27,23:12:49.816246,Closed,Closed
Science Library,-1,-1.0,2024-10-27,23:12:49.816253,1900-01-01 11:00:00,1900-01-01 21:00:00
Student Centre,376,58.11437403400309,2024-10-27,23:12:49.816287,1900-01-01 00:01:00,1900-01-01 23:59:00
UCL East Library,150,99.33774834437085,2024-10-27,23:12:49.816305,1900-01-01 11:00:00,1900-01-01 21:00:00
Bartlett Library,20,28.985507246376812,2024-10-28,00:59:33.474978,1900-01-01 09:00:00,1900-01-01 20:00:00
Cruciform Hub,84,34.0080971659919,2024-10-28,00:59:33.474998,1900-01-01 09:00:00,1900-01-01 21:00:00
Graduate Hub (Postgraduate use only),30,54.54545454545454,2024-10-28,00:59:33.475013,1900-01-01 08:30:00,1900-01-01 00:00:00
Great Ormond Street Institute of Child Health Library,18,16.071428571428573,2024-10-28,00:59:33.475028,1900-01-01 09:00:00,1900-01-01 18:00:00
Institute of Archaeology Library,13,22.413793103448278,2024-10-28,00:59:33.475043,1900-01-01 09:30:00,1900-01-01 21:00:00
IOE Library,64,19.51219512195122,2024-10-28,00:59:33.475060,1900-01-01 08:30:00,1900-01-01 21:00:00
The Joint Library of Ophthalmology,6,13.636363636363635,2024-10-28,00:59:33.475075,1900-01-01 09:00:00,1900-01-01 17:00:00
Language & Speech Science Library,15,26.31578947368421,2024-10-28,00:59:33.475094,1900-01-01 09:15:00,1900-01-01 20:00:00
Main Library,228,36.480000000000004,2024-10-28,00:59:33.475108,1900-01-01 08:30:00,1900-01-01 00:00:00
"Queen Square Institute of Neurology, Queen Square Library",6,20.689655172413794,2024-10-28,00:59:33.475122,1900-01-01 09:00:00,1900-01-01 19:00:00
School of Pharmacy Library,17,28.8135593220339,2024-10-28,00:59:33.475136,1900-01-01 08:45:00,1900-01-01 22:00:00
SSEES Library,67,38.06818181818182,2024-10-28,00:59:33.475149,1900-01-01 09:00:00,1900-01-01 21:00:00
Science Library,333,36.27450980392157,2024-10-28,00:59:33.475161,1900-01-01 08:30:00,1900-01-01 00:00:00
Student Centre,199,30.757341576506953,2024-10-28,00:59:33.475174,1900-01-01 00:01:00,1900-01-01 23:59:00
UCL East Library,56,37.086092715231786,2024-10-28,00:59:33.475188,1900-01-01 09:00:00,1900-01-01 21:00:00
Bartlett Library,29,42.028985507246375,2024-10-28,02:22:47.489220,1900-01-01 09:00:00,1900-01-01 20:00:00
Cruciform Hub,103,41.70040485829959,2024-10-28,02:22:47.489239,1900-01-01 09:00:00,1900-01-01 21:00:00
Graduate Hub (Postgraduate use only),12,21.818181818181817,2024-10-28,02:22:47.489254,1900-01-01 08:30:00,1900-01-01 00:00:00
Great Ormond Street Institute of Child Health Library,50,44.642857142857146,2024-10-28,02:22:47.489268,1900-01-01 09:00:00,1900-01-01 18:00:00
Institute of Archaeology Library,19,32.758620689655174,2024-10-28,02:22:47.489283,1900-01-01 09:30:00,1900-01-01 21:00:00
IOE Library,137,41.76829268292683,2024-10-28,02:22:47.489297,1900-01-01 08:30:00,1900-01-01 21:00:00
The Joint Library of Ophthalmology,17,38.63636363636363,2024-10-28,02:22:47.489311,1900-01-01 09:00:00,1900-01-01 17:00:00
Language & Speech Science Library,28,49.122807017543856,2024-10-28,02:22:47.489325,1900-01-01 09:15:00,1900-01-01 20:00:00
Main Library,257,41.120000000000005,2024-10-28,02:22:47.489339,1900-01-01 08:30:00,1900-01-01 00:00:00
"Queen Square Institute of Neurology, Queen Square Library",12,41.37931034482759,2024-10-28,02:22:47.489352,1900-01-01 09:00:00,1900-01-01 19:00:00
School of Pharmacy Library,16,27.11864406779661,2024-10-28,02:22:47.489364,1900-01-01 08:45:00,1900-01-01 22:00:00
SSEES Library,52,29.545454545454547,2024-10-28,02:22:47.489377,1900-01-01 09:00:00,1900-01-01 21:00:00
Science Library,405,44.11764705882353,2024-10-28,02:22:47.489390,1900-01-01 08:30:00,1900-01-01 00:00:00
Student Centre,309,47.75888717156105,2024-10-28,02:22:47.489401,1900-01-01 00:01:00,1900-01-01 23:59:00
UCL East Library,43,28.47682119205298,2024-10-28,02:22:47.489414,1900-01-01 09:00:00,1900-01-01 21:00:00
Bartlett Library,0,0.0,2024-10-28,03:22:39.785152,1900-01-01 09:00:00,1900-01-01 20:00:00
Cruciform Hub,1,0.4048582995951417,2024-10-28,03:22:39.785172,1900-01-01 09:00:00,1900-01-01 21:00:00
Graduate Hub (Postgraduate use only),0,0.0,2024-10-28,03:22:39.785188,1900-01-01 08:30:00,1900-01-01 00:00:00
Great Ormond Street Institute of Child Health Library,1,0.8928571428571428,2024-10-28,03:22:39.785202,1900-01-01 09:00:00,1900-01-01 18:00:00
Institute of Archaeology Library,0,0.0,2024-10-28,03:22:39.785217,1900-01-01 09:30:00,1900-01-01 21:00:00
IOE Library,1,0.3048780487804878,2024-10-28,03:22:39.785231,1900-01-01 08:30:00,1900-01-01 21:00:00
The Joint Library of Ophthalmology,1,2.272727272727273,2024-10-28,03:22:39.785245,1900-01-01 09:00:00,1900-01-01 17:00:00
Language & Speech Science Library,0,0.0,2024-10-28,03:22:39.785258,1900-01-01 09:15:00,1900-01-01 20:00:00
Main Library,3,0.48,2024-10-28,03:22:39.785276,1900-01-01 08:30:00,1900-01-01 00:00:00
"Queen Square Institute of Neurology, Queen Square Library",0,0.0,2024-10-28,03:22:39.785290,1900-01-01 09:00:00,1900-01-01 19:00:00
School of Pharmacy Library,0,0.0,2024-10-28,03:22:39.785303,1900-01-01 08:45:00,1900-01-01 22:00:00
SSEES Library,0,0.0,2024-10-28,03:22:39.785316,1900-01-01 09:00:00,1900-01-01 21:00:00
Science Library,3,0.32679738562091504,2024-10-28,03:22:39.785328,1900-01-01 08:30:00,1900-01-01 00:00:00
Student Centre,2,0.3091190108191654,2024-10-28,03:22:39.785340,1900-01-01 00:01:00,1900-01-01 23:59:00
UCL East Library,0,0.0,2024-10-28,03:22:39.785352,1900-01-01 09:00:00,1900-01-01 21:00:00
Bartlett Library,0,0.0,2024-10-28,04:15:42.138764,1900-01-01 09:00:00,1900-01-01 20:00:00
Cruciform Hub,0,0.0,2024-10-28,04:15:42.138783,1900-01-01 09:00:00,1900-01-01 21:00:00
Graduate Hub (Postgraduate use only),0,0.0,2024-10-28,04:15:42.138798,1900-01-01 08:30:00,1900-01-01 00:00:00
Great Ormond Street Institute of Child Health Library,0,0.0,2024-10-28,04:15:42.138812,1900-01-01 09:00:00,1900-01-01 18:00:00
Institute of Archaeology Library,0,0.0,2024-10-28,04:15:42.138827,1900-01-01 09:30:00,1900-01-01 21:00:00
IOE Library,0,0.0,2024-10-28,04:15:42.138841,1900-01-01 08:30:00,1900-01-01 21:00:00
The Joint Library of Ophthalmology,0,0.0,2024-10-28,04:15:42.138854,1900-01-01 09:00:00,1900-01-01 17:00:00
Language & Speech Science Library,0,0.0,2024-10-28,04:15:42.138868,1900-01-01 09:15:00,1900-01-01 20:00:00
Main Library,0,0.0,2024-10-28,04:15:42.138882,1900-01-01 08:30:00,1900-01-01 00:00:00
"Queen Square Institute of Neurology, Queen Square Library",0,0.0,2024-10-28,04:15:42.138895,1900-01-01 09:00:00,1900-01-01 19:00:00
School of Pharmacy Library,0,0.0,2024-10-28,04:15:42.138908,1900-01-01 08:45:00,1900-01-01 22:00:00
SSEES Library,0,0.0,2024-10-28,04:15:42.138921,1900-01-01 09:00:00,1900-01-01 21:00:00
Science Library,0,0.0,2024-10-28,04:15:42.138933,1900-01-01 08:30:00,1900-01-01 00:00:00
Student Centre,0,0.0,2024-10-28,04:15:42.138948,1900-01-01 00:01:00,1900-01-01 23:59:00
UCL East Library,0,0.0,2024-10-28,04:15:42.138960,1900-01-01 09:00:00,1900-01-01 21:00:00
Bartlett Library,0,0.0,2024-10-28,05:13:02.040352,1900-01-01 09:00:00,1900-01-01 20:00:00
Cruciform Hub,0,0.0,2024-10-28,05:13:02.040372,1900-01-01 09:00:00,1900-01-01 21:00:00
Graduate Hub (Postgraduate use only),0,0.0,2024-10-28,05:13:02.040387,1900-01-01 08:30:00,1900-01-01 00:00:00
Great Ormond Street Institute of Child Health Library,0,0.0,2024-10-28,05:13:02.040401,1900-01-01 09:00:00,1900-01-01 18:00:00
Institute of Archaeology Library,0,0.0,2024-10-28,05:13:02.040417,1900-01-01 09:30:00,1900-01-01 21:00:00
IOE Library,0,0.0,2024-10-28,05:13:02.040431,1900-01-01 08:30:00,1900-01-01 21:00:00
The Joint Library of Ophthalmology,0,0.0,2024-10-28,05:13:02.040446,1900-01-01 09:00:00,1900-01-01 17:00:00
Language & Speech Science Library,0,0.0,2024-10-28,05:13:02.040460,1900-01-01 09:15:00,1900-01-01 20:00:00
Main Library,0,0.0,2024-10-28,05:13:02.040474,1900-01-01 08:30:00,1900-01-01 00:00:00
"Queen Square Institute of Neurology, Queen Square Library",0,0.0,2024-10-28,05:13:02.040487,1900-01-01 09:00:00,1900-01-01 19:00:00
School of Pharmacy Library,0,0.0,2024-10-28,05:13:02.040501,1900-01-01 08:45:00,1900-01-01 22:00:00
SSEES Library,0,0.0,2024-10-28,05:13:02.040518,1900-01-01 09:00:00,1900-01-01 21:00:00
Science Library,0,0.0,2024-10-28,05:13:02.040530,1900-01-01 08:30:00,1900-01-01 00:00:00
Student Centre,0,0.0,2024-10-28,05:13:02.040543,1900-01-01 00:01:00,1900-01-01 23:59:00
UCL East Library,0,0.0,2024-10-28,05:13:02.040555,1900-01-01 09:00:00,1900-01-01 21:00:00
Bartlett Library,0,0.0,2024-10-28,06:18:09.769572,1900-01-01 09:00:00,1900-01-01 20:00:00
Cruciform Hub,0,0.0,2024-10-28,06:18:09.769591,1900-01-01 09:00:00,1900-01-01 21:00:00
Graduate Hub (Postgraduate use only),0,0.0,2024-10-28,06:18:09.769610,1900-01-01 08:30:00,1900-01-01 00:00:00
Great Ormond Street Institute of Child Health Library,0,0.0,2024-10-28,06:18:09.769624,1900-01-01 09:00:00,1900-01-01 18:00:00
Institute of Archaeology Library,0,0.0,2024-10-28,06:18:09.769639,1900-01-01 09:30:00,1900-01-01 21:00:00
IOE Library,0,0.0,2024-10-28,06:18:09.769653,1900-01-01 08:30:00,1900-01-01 21:00:00
The Joint Library of Ophthalmology,0,0.0,2024-10-28,06:18:09.769667,1900-01-01 09:00:00,1900-01-01 17:00:00
Language & Speech Science Library,0,0.0,2024-10-28,06:18:09.769680,1900-01-01 09:15:00,1900-01-01 20:00:00
Main Library,0,0.0,2024-10-28,06:18:09.769694,1900-01-01 08:30:00,1900-01-01 00:00:00
"Queen Square Institute of Neurology, Queen Square Library",0,0.0,2024-10-28,06:18:09.769708,1900-01-01 09:00:00,1900-01-01 19:00:00
School of Pharmacy Library,0,0.0,2024-10-28,06:18:09.769724,1900-01-01 08:45:00,1900-01-01 22:00:00
SSEES Library,0,0.0,2024-10-28,06:18:09.769737,1900-01-01 09:00:00,1900-01-01 21:00:00
Science Library,0,0.0,2024-10-28,06:18:09.769752,1900-01-01 08:30:00,1900-01-01 00:00:00
Student Centre,0,0.0,2024-10-28,06:18:09.769764,1900-01-01 00:01:00,1900-01-01 23:59:00
UCL East Library,0,0.0,2024-10-28,06:18:09.769776,1900-01-01 09:00:00,1900-01-01 21:00:00
Bartlett Library,0,0.0,2024-10-28,07:12:41.189286,1900-01-01 09:00:00,1900-01-01 20:00:00
Cruciform Hub,0,0.0,2024-10-28,07:12:41.189306,1900-01-01 09:00:00,1900-01-01 21:00:00
Graduate Hub (Postgraduate use only),0,0.0,2024-10-28,07:12:41.189321,1900-01-01 08:30:00,1900-01-01 00:00:00
Great Ormond Street Institute of Child Health Library,0,0.0,2024-10-28,07:12:41.189335,1900-01-01 09:00:00,1900-01-01 18:00:00
Institute of Archaeology Library,0,0.0,2024-10-28,07:12:41.189350,1900-01-01 09:30:00,1900-01-01 21:00:00
IOE Library,0,0.0,2024-10-28,07:12:41.189364,1900-01-01 08:30:00,1900-01-01 21:00:00
The Joint Library of Ophthalmology,0,0.0,2024-10-28,07:12:41.189381,1900-01-01 09:00:00,1900-01-01 17:00:00
Language & Speech Science Library,0,0.0,2024-10-28,07:12:41.189396,1900-01-01 09:15:00,1900-01-01 20:00:00
Main Library,0,0.0,2024-10-28,07:12:41.189410,1900-01-01 08:30:00,1900-01-01 00:00:00
"Queen Square Institute of Neurology, Queen Square Library",0,0.0,2024-10-28,07:12:41.189423,1900-01-01 09:00:00,1900-01-01 19:00:00
School of Pharmacy Library,0,0.0,2024-10-28,07:12:41.189436,1900-01-01 08:45:00,1900-01-01 22:00:00
SSEES Library,0,0.0,2024-10-28,07:12:41.189449,1900-01-01 09:00:00,1900-01-01 21:00:00
Science Library,0,0.0,2024-10-28,07:12:41.189461,1900-01-01 08:30:00,1900-01-01 00:00:00
Student Centre,0,0.0,2024-10-28,07:12:41.189473,1900-01-01 00:01:00,1900-01-01 23:59:00
UCL East Library,0,0.0,2024-10-28,07:12:41.189485,1900-01-01 09:00:00,1900-01-01 21:00:00
Bartlett Library,6,8.695652173913043,2024-10-28,08:16:48.548440,1900-01-01 09:00:00,1900-01-01 20:00:00
Cruciform Hub,12,4.8582995951417,2024-10-28,08:16:48.548460,1900-01-01 09:00:00,1900-01-01 21:00:00
Graduate Hub (Postgraduate use only),5,9.090909090909092,2024-10-28,08:16:48.548476,1900-01-01 08:30:00,1900-01-01 00:00:00
Great Ormond Street Institute of Child Health Library,12,10.714285714285714,2024-10-28,08:16:48.548494,1900-01-01 09:00:00,1900-01-01 18:00:00
Institute of Archaeology Library,4,6.896551724137931,2024-10-28,08:16:48.548510,1900-01-01 09:30:00,1900-01-01 21:00:00
IOE Library,27,8.231707317073171,2024-10-28,08:16:48.548524,1900-01-01 08:30:00,1900-01-01 21:00:00
The Joint Library of Ophthalmology,2,4.545454545454546,2024-10-28,08:16:48.548539,1900-01-01 09:00:00,1900-01-01 17:00:00
Language & Speech Science Library,6,10.526315789473683,2024-10-28,08:16:48.548553,1900-01-01 09:15:00,1900-01-01 20:00:00
Main Library,30,4.8,2024-10-28,08:16:48.548569,1900-01-01 08:30:00,1900-01-01 00:00:00
"Queen Square Institute of Neurology, Queen Square Library",3,10.344827586206897,2024-10-28,08:16:48.548583,1900-01-01 09:00:00,1900-01-01 19:00:00
School of Pharmacy Library,4,6.779661016949152,2024-10-28,08:16:48.548596,1900-01-01 08:45:00,1900-01-01 22:00:00
SSEES Library,27,15.340909090909092,2024-10-28,08:16:48.548609,1900-01-01 09:00:00,1900-01-01 21:00:00
Science Library,70,7.625272331154684,2024-10-28,08:16:48.548622,1900-01-01 08:30:00,1900-01-01 00:00:00
Student Centre,45,6.9551777434312205,2024-10-28,08:16:48.548635,1900-01-01 00:01:00,1900-01-01 23:59:00
UCL East Library,0,0.0,2024-10-28,08:16:48.548648,1900-01-01 09:00:00,1900-01-01 21:00:00
Bartlett Library,60,86.95652173913044,2024-10-28,09:13:55.204089,1900-01-01 09:00:00,1900-01-01 20:00:00
Cruciform Hub,187,75.7085020242915,2024-10-28,09:13:55.204109,1900-01-01 09:00:00,1900-01-01 21:00:00
Graduate Hub (Postgraduate use only),49,89.0909090909091,2024-10-28,09:13:55.204124,1900-01-01 08:30:00,1900-01-01 00:00:00
Great Ormond Street Institute of Child Health Library,87,77.67857142857143,2024-10-28,09:13:55.204138,1900-01-01 09:00:00,1900-01-01 18:00:00
Institute of Archaeology Library,51,87.93103448275862,2024-10-28,09:13:55.204153,1900-01-01 09:30:00,1900-01-01 21:00:00
IOE Library,222,67.6829268292683,2024-10-28,09:13:55.204167,1900-01-01 08:30:00,1900-01-01 21:00:00
The Joint Library of Ophthalmology,28,63.63636363636363,2024-10-28,09:13:55.204180,1900-01-01 09:00:00,1900-01-01 17:00:00
Language & Speech Science Library,55,96.49122807017544,2024-10-28,09:13:55.204194,1900-01-01 09:15:00,1900-01-01 20:00:00
Main Library,525,84.0,2024-10-28,09:13:55.204211,1900-01-01 08:30:00,1900-01-01 00:00:00
"Queen Square Institute of Neurology, Queen Square Library",27,93.10344827586206,2024-10-28,09:13:55.204225,1900-01-01 09:00:00,1900-01-01 19:00:00
School of Pharmacy Library,44,74.57627118644068,2024-10-28,09:13:55.204238,1900-01-01 08:45:00,1900-01-01 22:00:00
SSEES Library,162,92.04545454545455,2024-10-28,09:13:55.204251,1900-01-01 09:00:00,1900-01-01 21:00:00
Science Library,797,86.81917211328975,2024-10-28,09:13:55.204264,1900-01-01 08:30:00,1900-01-01 00:00:00
Student Centre,454,70.17001545595053,2024-10-28,09:13:55.204276,1900-01-01 00:01:00,1900-01-01 23:59:00
UCL East Library,145,96.02649006622516,2024-10-28,09:13:55.204290,1900-01-01 09:00:00,1900-01-01 21:00:00
Bartlett Library,49,71.01449275362319,2024-10-28,10:13:50.275714,1900-01-01 09:00:00,1900-01-01 20:00:00
Cruciform Hub,137,55.465587044534416,2024-10-28,10:13:50.275734,1900-01-01 09:00:00,1900-01-01 21:00:00
Graduate Hub (Postgraduate use only),41,74.54545454545455,2024-10-28,10:13:50.275749,1900-01-01 08:30:00,1900-01-01 00:00:00
Great Ormond Street Institute of Child Health Library,82,73.21428571428571,2024-10-28,10:13:50.275763,1900-01-01 09:00:00,1900-01-01 18:00:00
Institute of Archaeology Library,45,77.58620689655173,2024-10-28,10:13:50.275778,1900-01-01 09:30:00,1900-01-01 21:00:00
IOE Library,180,54.87804878048781,2024-10-28,10:13:50.275792,1900-01-01 08:30:00,1900-01-01 21:00:00
The Joint Library of Ophthalmology,26,59.09090909090909,2024-10-28,10:13:50.275806,1900-01-01 09:00:00,1900-01-01 17:00:00
Language & Speech Science Library,42,73.68421052631578,2024-10-28,10:13:50.275820,1900-01-01 09:15:00,1900-01-01 20:00:00
Main Library,404,64.64,2024-10-28,10:13:50.275834,1900-01-01 08:30:00,1900-01-01 00:00:00
"Queen Square Institute of Neurology, Queen Square Library",21,72.41379310344827,2024-10-28,10:13:50.275847,1900-01-01 09:00:00,1900-01-01 19:00:00
School of Pharmacy Library,19,32.20338983050847,2024-10-28,10:13:50.275860,1900-01-01 08:45:00,1900-01-01 22:00:00
SSEES Library,153,86.93181818181817,2024-10-28,10:13:50.275873,1900-01-01 09:00:00,1900-01-01 21:00:00
Science Library,639,69.6078431372549,2024-10-28,10:13:50.275885,1900-01-01 08:30:00,1900-01-01 00:00:00
Student Centre,295,45.595054095826896,2024-10-28,10:13:50.275897,1900-01-01 00:01:00,1900-01-01 23:59:00
UCL East Library,138,91.3907284768212,2024-10-28,10:13:50.275915,1900-01-01 09:00:00,1900-01-01 21:00:00
Bartlett Library,31,44.927536231884055,2024-10-28,11:11:16.384823,1900-01-01 09:00:00,1900-01-01 20:00:00
Cruciform Hub,112,45.34412955465587,2024-10-28,11:11:16.384842,1900-01-01 09:00:00,1900-01-01 21:00:00
Graduate Hub (Postgraduate use only),23,41.81818181818181,2024-10-28,11:11:16.384857,1900-01-01 08:30:00,1900-01-01 00:00:00
Great Ormond Street Institute of Child Health Library,83,74.10714285714286,2024-10-28,11:11:16.384871,1900-01-01 09:00:00,1900-01-01 18:00:00
Institute of Archaeology Library,32,55.172413793103445,2024-10-28,11:11:16.384890,1900-01-01 09:30:00,1900-01-01 21:00:00
IOE Library,118,35.97560975609756,2024-10-28,11:11:16.384905,1900-01-01 08:30:00,1900-01-01 21:00:00
The Joint Library of Ophthalmology,19,43.18181818181818,2024-10-28,11:11:16.384919,1900-01-01 09:00:00,1900-01-01 17:00:00
Language & Speech Science Library,36,63.1578947368421,2024-10-28,11:11:16.384932,1900-01-01 09:15:00,1900-01-01 20:00:00
Main Library,259,41.44,2024-10-28,11:11:16.384946,1900-01-01 08:30:00,1900-01-01 00:00:00
"Queen Square Institute of Neurology, Queen Square Library",21,72.41379310344827,2024-10-28,11:11:16.384960,1900-01-01 09:00:00,1900-01-01 19:00:00
School of Pharmacy Library,9,15.254237288135593,2024-10-28,11:11:16.384975,1900-01-01 08:45:00,1900-01-01 22:00:00
SSEES Library,133,75.56818181818183,2024-10-28,11:11:16.384989,1900-01-01 09:00:00,1900-01-01 21:00:00
Science Library,462,50.326797385620914,2024-10-28,11:11:16.385001,1900-01-01 08:30:00,1900-01-01 00:00:00
Student Centre,208,32.1483771251932,2024-10-28,11:11:16.385014,1900-01-01 00:01:00,1900-01-01 23:59:00
UCL East Library,123,81.45695364238411,2024-10-28,11:11:16.385026,1900-01-01 09:00:00,1900-01-01 21:00:00
Bartlett Library,23,33.33333333333333,2024-10-28,12:23:43.314570,1900-01-01 09:00:00,1900-01-01 20:00:00
Cruciform Hub,70,28.34008097165992,2024-10-28,12:23:43.314594,1900-01-01 09:00:00,1900-01-01 21:00:00
Graduate Hub (Postgraduate use only),20,36.36363636363637,2024-10-28,12:23:43.314610,1900-01-01 08:30:00,1900-01-01 00:00:00
Great Ormond Street Institute of Child Health Library,73,65.17857142857143,2024-10-28,12:23:43.314624,1900-01-01 09:00:00,1900-01-01 18:00:00
Institute of Archaeology Library,23,39.6551724137931,2024-10-28,12:23:43.314639,1900-01-01 09:30:00,1900-01-01 21:00:00
IOE Library,112,34.146341463414636,2024-10-28,12:23:43.314656,1900-01-01 08:30:00,1900-01-01 21:00:00
The Joint Library of Ophthalmology,21,47.72727272727273,2024-10-28,12:23:43.314669,1900-01-01 09:00:00,1900-01-01 17:00:00
Language & Speech Science Library,35,61.40350877192983,2024-10-28,12:23:43.314683,1900-01-01 09:15:00,1900-01-01 20:00:00
Main Library,222,35.52,2024-10-28,12:23:43.314697,1900-01-01 08:30:00,1900-01-01 00:00:00
"Queen Square Institute of Neurology, Queen Square Library",11,37.93103448275862,2024-10-28,12:23:43.314711,1900-01-01 09:00:00,1900-01-01 19:00:00
School of Pharmacy Library,15,25.423728813559322,2024-10-28,12:23:43.314725,1900-01-01 08:45:00,1900-01-01 22:00:00
SSEES Library,113,64.20454545454545,2024-10-28,12:23:43.314739,1900-01-01 09:00:00,1900-01-01 21:00:00
Science Library,372,40.52287581699346,2024-10-28,12:23:43.314751,1900-01-01 08:30:00,1900-01-01 00:00:00
Student Centre,194,29.984544049459043,2024-10-28,12:23:43.314764,1900-01-01 00:01:00,1900-01-01 23:59:00
UCL East Library,100,66.22516556291392,2024-10-28,12:23:43.314776,1900-01-01 09:00:00,1900-01-01 21:00:00
Bartlett Library,31,44.927536231884055,2024-10-28,13:21:55.481393,1900-01-01 09:00:00,1900-01-01 20:00:00
Cruciform Hub,79,31.983805668016196,2024-10-28,13:21:55.481414,1900-01-01 09:00:00,1900-01-01 21:00:00
Graduate Hub (Postgraduate use only),12,21.818181818181817,2024-10-28,13:21:55.481429,1900-01-01 08:30:00,1900-01-01 00:00:00
Great Ormond Street Institute of Child Health Library,64,57.14285714285714,2024-10-28,13:21:55.481444,1900-01-01 09:00:00,1900-01-01 18:00:00
Institute of Archaeology Library,30,51.724137931034484,2024-10-28,13:21:55.481459,1900-01-01 09:30:00,1900-01-01 21:00:00
IOE Library,87,26.52439024390244,2024-10-28,13:21:55.481473,1900-01-01 08:30:00,1900-01-01 21:00:00
The Joint Library of Ophthalmology,22,50.0,2024-10-28,13:21:55.481487,1900-01-01 09:00:00,1900-01-01 17:00:00
Language & Speech Science Library,31,54.385964912280706,2024-10-28,13:21:55.481500,1900-01-01 09:15:00,1900-01-01 20:00:00
Main Library,200,32.0,2024-10-28,13:21:55.481515,1900-01-01 08:30:00,1900-01-01 00:00:00
"Queen Square Institute of Neurology, Queen Square Library",11,37.93103448275862,2024-10-28,13:21:55.481534,1900-01-01 09:00:00,1900-01-01 19:00:00
School of Pharmacy Library,12,20.33898305084746,2024-10-28,13:21:55.481547,1900-01-01 08:45:00,1900-01-01 22:00:00
SSEES Library,92,52.27272727272727,2024-10-28,13:21:55.481560,1900-01-01 09:00:00,1900-01-01 21:00:00
Science Library,325,35.40305010893246,2024-10-28,13:21:55.481572,1900-01-01 08:30:00,1900-01-01 00:00:00
Student Centre,157,24.26584234930448,2024-10-28,13:21:55.481585,1900-01-01 00:01:00,1900-01-01 23:59:00
UCL East Library,100,66.22516556291392,2024-10-28,13:21:55.481599,1900-01-01 09:00:00,1900-01-01 21:00:00
Bartlett Library,23,33.33333333333333,2024-10-28,14:12:08.313267,1900-01-01 09:00:00,1900-01-01 20:00:00
Cruciform Hub,85,34.41295546558704,2024-10-28,14:12:08.313287,1900-01-01 09:00:00,1900-01-01 21:00:00
Graduate Hub (Postgraduate use only),8,14.545454545454545,2024-10-28,14:12:08.313302,1900-01-01 08:30:00,1900-01-01 00:00:00
Great Ormond Street Institute of Child Health Library,59,52.67857142857143,2024-10-28,14:12:08.313317,1900-01-01 09:00:00,1900-01-01 18:00:00
Institute of Archaeology Library,22,37.93103448275862,2024-10-28,14:12:08.313332,1900-01-01 09:30:00,1900-01-01 21:00:00
IOE Library,61,18.597560975609756,2024-10-28,14:12:08.313346,1900-01-01 08:30:00,1900-01-01 21:00:00
The Joint Library of Ophthalmology,25,56.81818181818182,2024-10-28,14:12:08.313359,1900-01-01 09:00:00,1900-01-01 17:00:00
Language & Speech Science Library,27,47.368421052631575,2024-10-28,14:12:08.313373,1900-01-01 09:15:00,1900-01-01 20:00:00
Main Library,171,27.36,2024-10-28,14:12:08.313387,1900-01-01 08:30:00,1900-01-01 00:00:00
"Queen Square Institute of Neurology, Queen Square Library",5,17.24137931034483,2024-10-28,14:12:08.313401,1900-01-01 09:00:00,1900-01-01 19:00:00
School of Pharmacy Library,13,22.033898305084744,2024-10-28,14:12:08.313414,1900-01-01 08:45:00,1900-01-01 22:00:00
SSEES Library,88,50.0,2024-10-28,14:12:08.313428,1900-01-01 09:00:00,1900-01-01 21:00:00
Science Library,246,26.797385620915033,2024-10-28,14:12:08.313440,1900-01-01 08:30:00,1900-01-01 00:00:00
Student Centre,171,26.42967542503864,2024-10-28,14:12:08.313457,1900-01-01 00:01:00,1900-01-01 23:59:00
UCL East Library,88,58.27814569536424,2024-10-28,14:12:08.313469,1900-01-01 09:00:00,1900-01-01 21:00:00
Bartlett Library,17,24.637681159420293,2024-10-28,15:13:34.291752,1900-01-01 09:00:00,1900-01-01 20:00:00
Cruciform Hub,54,21.86234817813765,2024-10-28,15:13:34.291772,1900-01-01 09:00:00,1900-01-01 21:00:00
Graduate Hub (Postgraduate use only),9,16.363636363636363,2024-10-28,15:13:34.291788,1900-01-01 08:30:00,1900-01-01 00:00:00
Great Ormond Street Institute of Child Health Library,73,65.17857142857143,2024-10-28,15:13:34.291802,1900-01-01 09:00:00,1900-01-01 18:00:00
Institute of Archaeology Library,23,39.6551724137931,2024-10-28,15:13:34.291817,1900-01-01 09:30:00,1900-01-01 21:00:00
IOE Library,74,22.5609756097561,2024-10-28,15:13:34.291832,1900-01-01 08:30:00,1900-01-01 21:00:00
The Joint Library of Ophthalmology,25,56.81818181818182,2024-10-28,15:13:34.291846,1900-01-01 09:00:00,1900-01-01 17:00:00
Language & Speech Science Library,26,45.614035087719294,2024-10-28,15:13:34.291859,1900-01-01 09:15:00,1900-01-01 20:00:00
Main Library,155,24.8,2024-10-28,15:13:34.291873,1900-01-01 08:30:00,1900-01-01 00:00:00
"Queen Square Institute of Neurology, Queen Square Library",3,10.344827586206897,2024-10-28,15:13:34.291887,1900-01-01 09:00:00,1900-01-01 19:00:00
School of Pharmacy Library,9,15.254237288135593,2024-10-28,15:13:34.291901,1900-01-01 08:45:00,1900-01-01 22:00:00
SSEES Library,82,46.590909090909086,2024-10-28,15:13:34.291918,1900-01-01 09:00:00,1900-01-01 21:00:00
Science Library,288,31.372549019607842,2024-10-28,15:13:34.291930,1900-01-01 08:30:00,1900-01-01 00:00:00
Student Centre,191,29.520865533230296,2024-10-28,15:13:34.291943,1900-01-01 00:01:00,1900-01-01 23:59:00
UCL East Library,92,60.9271523178808,2024-10-28,15:13:34.291955,1900-01-01 09:00:00,1900-01-01 21:00:00
Bartlett Library,23,33.33333333333333,2024-10-28,16:15:14.952334,1900-01-01 09:00:00,1900-01-01 20:00:00
Cruciform Hub,77,31.17408906882591,2024-10-28,16:15:14.952355,1900-01-01 09:00:00,1900-01-01 21:00:00
Graduate Hub (Postgraduate use only),8,14.545454545454545,2024-10-28,16:15:14.952370,1900-01-01 08:30:00,1900-01-01 00:00:00
Great Ormond Street Institute of Child Health Library,69,61.60714285714286,2024-10-28,16:15:14.952385,1900-01-01 09:00:00,1900-01-01 18:00:00
Institute of Archaeology Library,25,43.103448275862064,2024-10-28,16:15:14.952399,1900-01-01 09:30:00,1900-01-01 21:00:00
IOE Library,69,21.036585365853657,2024-10-28,16:15:14.952414,1900-01-01 08:30:00,1900-01-01 21:00:00
The Joint Library of Ophthalmology,25,56.81818181818182,2024-10-28,16:15:14.952427,1900-01-01 09:00:00,1900-01-01 17:00:00
Language & Speech Science Library,33,57.89473684210527,2024-10-28,16:15:14.952441,1900-01-01 09:15:00,1900-01-01 20:00:00
Main Library,175,28.000000000000004,2024-10-28,16:15:14.952455,1900-01-01 08:30:00,1900-01-01 00:00:00
"Queen Square Institute of Neurology, Queen Square Library",20,68.96551724137932,2024-10-28,16:15:14.952468,1900-01-01 09:00:00,1900-01-01 19:00:00
School of Pharmacy Library,22,37.28813559322034,2024-10-28,16:15:14.952481,1900-01-01 08:45:00,1900-01-01 22:00:00
SSEES Library,78,44.31818181818182,2024-10-28,16:15:14.952497,1900-01-01 09:00:00,1900-01-01 21:00:00
Science Library,263,28.649237472766885,2024-10-28,16:15:14.952509,1900-01-01 08:30:00,1900-01-01 00:00:00
Student Centre,168,25.965996908809892,2024-10-28,16:15:14.952522,1900-01-01 00:01:00,1900-01-01 23:59:00
UCL East Library,91,60.264900662251655,2024-10-28,16:15:14.952534,1900-01-01 09:00:00,1900-01-01 21:00:00
Bartlett Library,21,30.434782608695656,2024-10-28,17:11:21.457007,1900-01-01 09:00:00,1900-01-01 20:00:00
Cruciform Hub,96,38.8663967611336,2024-10-28,17:11:21.457026,1900-01-01 09:00:00,1900-01-01 21:00:00
Graduate Hub (Postgraduate use only),14,25.454545454545453,2024-10-28,17:11:21.457041,1900-01-01 08:30:00,1900-01-01 00:00:00
Great Ormond Street Institute of Child Health Library,67,59.82142857142857,2024-10-28,17:11:21.457055,1900-01-01 09:00:00,1900-01-01 18:00:00
Institute of Archaeology Library,27,46.55172413793103,2024-10-28,17:11:21.457070,1900-01-01 09:30:00,1900-01-01 21:00:00
IOE Library,83,25.304878048780488,2024-10-28,17:11:21.457083,1900-01-01 08:30:00,1900-01-01 21:00:00
The Joint Library of Ophthalmology,-1,-1.0,2024-10-28,17:11:21.457094,1900-01-01 09:00:00,1900-01-01 17:00:00
Language & Speech Science Library,35,61.40350877192983,2024-10-28,17:11:21.457108,1900-01-01 09:15:00,1900-01-01 20:00:00
Main Library,188,30.080000000000002,2024-10-28,17:11:21.457121,1900-01-01 08:30:00,1900-01-01 00:00:00
"Queen Square Institute of Neurology, Queen Square Library",14,48.275862068965516,2024-10-28,17:11:21.457135,1900-01-01 09:00:00,1900-01-01 19:00:00
School of Pharmacy Library,15,25.423728813559322,2024-10-28,17:11:21.457151,1900-01-01 08:45:00,1900-01-01 22:00:00
SSEES Library,111,63.06818181818182,2024-10-28,17:11:21.457165,1900-01-01 09:00:00,1900-01-01 21:00:00
Science Library,290,31.590413943355124,2024-10-28,17:11:21.457178,1900-01-01 08:30:00,1900-01-01 00:00:00
Student Centre,202,31.221020092735703,2024-10-28,17:11:21.457191,1900-01-01 00:01:00,1900-01-01 23:59:00
UCL East Library,97,64.23841059602648,2024-10-28,17:11:21.457204,1900-01-01 09:00:00,1900-01-01 21:00:00
Bartlett Library,35,50.72463768115942,2024-10-28,18:16:41.316037,1900-01-01 09:00:00,1900-01-01 20:00:00
Cruciform Hub,110,44.534412955465584,2024-10-28,18:16:41.316058,1900-01-01 09:00:00,1900-01-01 21:00:00
Graduate Hub (Postgraduate use only),15,27.27272727272727,2024-10-28,18:16:41.316073,1900-01-01 08:30:00,1900-01-01 00:00:00
Great Ormond Street Institute of Child Health Library,-1,-1.0,2024-10-28,18:16:41.316080,1900-01-01 09:00:00,1900-01-01 18:00:00
Institute of Archaeology Library,26,44.827586206896555,2024-10-28,18:16:41.316095,1900-01-01 09:30:00,1900-01-01 21:00:00
IOE Library,130,39.63414634146341,2024-10-28,18:16:41.316113,1900-01-01 08:30:00,1900-01-01 21:00:00
The Joint Library of Ophthalmology,-1,-1.0,2024-10-28,18:16:41.316120,1900-01-01 09:00:00,1900-01-01 17:00:00
Language & Speech Science Library,35,61.40350877192983,2024-10-28,18:16:41.316134,1900-01-01 09:15:00,1900-01-01 20:00:00
Main Library,221,35.36,2024-10-28,18:16:41.316148,1900-01-01 08:30:00,1900-01-01 00:00:00
"Queen Square Institute of Neurology, Queen Square Library",14,48.275862068965516,2024-10-28,18:16:41.316162,1900-01-01 09:00:00,1900-01-01 19:00:00
School of Pharmacy Library,17,28.8135593220339,2024-10-28,18:16:41.316176,1900-01-01 08:45:00,1900-01-01 22:00:00
SSEES Library,126,71.5909090909091,2024-10-28,18:16:41.316189,1900-01-01 09:00:00,1900-01-01 21:00:00
Science Library,396,43.13725490196079,2024-10-28,18:16:41.316201,1900-01-01 08:30:00,1900-01-01 00:00:00
Student Centre,184,28.438948995363216,2024-10-28,18:16:41.316214,1900-01-01 00:01:00,1900-01-01 23:59:00
UCL East Library,121,80.13245033112582,2024-10-28,18:16:41.316226,1900-01-01 09:00:00,1900-01-01 21:00:00
Bartlett Library,47,68.11594202898551,2024-10-28,19:10:16.755549,1900-01-01 09:00:00,1900-01-01 20:00:00
Cruciform Hub,144,58.2995951417004,2024-10-28,19:10:16.755569,1900-01-01 09:00:00,1900-01-01 21:00:00
Graduate Hub (Postgraduate use only),26,47.27272727272727,2024-10-28,19:10:16.755584,1900-01-01 08:30:00,1900-01-01 00:00:00
Great Ormond Street Institute of Child Health Library,-1,-1.0,2024-10-28,19:10:16.755592,1900-01-01 09:00:00,1900-01-01 18:00:00
Institute of Archaeology Library,47,81.03448275862068,2024-10-28,19:10:16.755607,1900-01-01 09:30:00,1900-01-01 21:00:00
IOE Library,149,45.426829268292686,2024-10-28,19:10:16.755621,1900-01-01 08:30:00,1900-01-01 21:00:00
The Joint Library of Ophthalmology,-1,-1.0,2024-10-28,19:10:16.755629,1900-01-01 09:00:00,1900-01-01 17:00:00
Language & Speech Science Library,46,80.7017543859649,2024-10-28,19:10:16.755643,1900-01-01 09:15:00,1900-01-01 20:00:00
Main Library,293,46.88,2024-10-28,19:10:16.755661,1900-01-01 08:30:00,1900-01-01 00:00:00
"Queen Square Institute of Neurology, Queen Square Library",-1,-1.0,2024-10-28,19:10:16.755668,1900-01-01 09:00:00,1900-01-01 19:00:00
School of Pharmacy Library,33,55.932203389830505,2024-10-28,19:10:16.755682,1900-01-01 08:45:00,1900-01-01 22:00:00
SSEES Library,139,78.97727272727273,2024-10-28,19:10:16.755696,1900-01-01 09:00:00,1900-01-01 21:00:00
Science Library,511,55.66448801742919,2024-10-28,19:10:16.755709,1900-01-01 08:30:00,1900-01-01 00:00:00
Student Centre,208,32.1483771251932,2024-10-28,19:10:16.755721,1900-01-01 00:01:00,1900-01-01 23:59:00
UCL East Library,127,84.10596026490066,2024-10-28,19:10:16.755734,1900-01-01 09:00:00,1900-01-01 21:00:00
Bartlett Library,-1,-1.0,2024-10-28,20:13:32.584515,1900-01-01 09:00:00,1900-01-01 20:00:00
Cruciform Hub,174,70.44534412955466,2024-10-28,20:13:32.584538,1900-01-01 09:00:00,1900-01-01 21:00:00
Graduate Hub (Postgraduate use only),30,54.54545454545454,2024-10-28,20:13:32.584555,1900-01-01 08:30:00,1900-01-01 00:00:00
Great Ormond Street Institute of Child Health Library,-1,-1.0,2024-10-28,20:13:32.584563,1900-01-01 09:00:00,1900-01-01 18:00:00
Institute of Archaeology Library,46,79.3103448275862,2024-10-28,20:13:32.584578,1900-01-01 09:30:00,1900-01-01 21:00:00
IOE Library,183,55.79268292682927,2024-10-28,20:13:32.584593,1900-01-01 08:30:00,1900-01-01 21:00:00
The Joint Library of Ophthalmology,-1,-1.0,2024-10-28,20:13:32.584600,1900-01-01 09:00:00,1900-01-01 17:00:00
Language & Speech Science Library,-1,-1.0,2024-10-28,20:13:32.584608,1900-01-01 09:15:00,1900-01-01 20:00:00
Main Library,375,60.0,2024-10-28,20:13:32.584622,1900-01-01 08:30:00,1900-01-01 00:00:00
"Queen Square Institute of Neurology, Queen Square Library",-1,-1.0,2024-10-28,20:13:32.584630,1900-01-01 09:00:00,1900-01-01 19:00:00
School of Pharmacy Library,34,57.6271186440678,2024-10-28,20:13:32.584644,1900-01-01 08:45:00,1900-01-01 22:00:00
SSEES Library,156,88.63636363636364,2024-10-28,20:13:32.584659,1900-01-01 09:00:00,1900-01-01 21:00:00
Science Library,567,61.76470588235294,2024-10-28,20:13:32.584672,1900-01-01 08:30:00,1900-01-01 00:00:00
Student Centre,251,38.794435857805254,2024-10-28,20:13:32.584693,1900-01-01 00:01:00,1900-01-01 23:59:00
UCL East Library,140,92.71523178807946,2024-10-28,20:13:32.584706,1900-01-01 09:00:00,1900-01-01 21:00:00
Bartlett Library,-1,-1.0,2024-10-28,21:11:32.699974,1900-01-01 09:00:00,1900-01-01 20:00:00
Cruciform Hub,-1,-1.0,2024-10-28,21:11:32.699986,1900-01-01 09:00:00,1900-01-01 21:00:00
Graduate Hub (Postgraduate use only),44,80.0,2024-10-28,21:11:32.700005,1900-01-01 08:30:00,1900-01-01 00:00:00
Great Ormond Street Institute of Child Health Library,-1,-1.0,2024-10-28,21:11:32.700013,1900-01-01 09:00:00,1900-01-01 18:00:00
Institute of Archaeology Library,-1,-1.0,2024-10-28,21:11:32.700021,1900-01-01 09:30:00,1900-01-01 21:00:00
IOE Library,-1,-1.0,2024-10-28,21:11:32.700028,1900-01-01 08:30:00,1900-01-01 21:00:00
The Joint Library of Ophthalmology,-1,-1.0,2024-10-28,21:11:32.700036,1900-01-01 09:00:00,1900-01-01 17:00:00
Language & Speech Science Library,-1,-1.0,2024-10-28,21:11:32.700043,1900-01-01 09:15:00,1900-01-01 20:00:00
Main Library,419,67.04,2024-10-28,21:11:32.700059,1900-01-01 08:30:00,1900-01-01 00:00:00
"Queen Square Institute of Neurology, Queen Square Library",-1,-1.0,2024-10-28,21:11:32.700066,1900-01-01 09:00:00,1900-01-01 19:00:00
School of Pharmacy Library,54,91.52542372881356,2024-10-28,21:11:32.700081,1900-01-01 08:45:00,1900-01-01 22:00:00
SSEES Library,-1,-1.0,2024-10-28,21:11:32.700092,1900-01-01 09:00:00,1900-01-01 21:00:00
Science Library,676,73.63834422657952,2024-10-28,21:11:32.700108,1900-01-01 08:30:00,1900-01-01 00:00:00
Student Centre,283,43.7403400309119,2024-10-28,21:11:32.700125,1900-01-01 00:01:00,1900-01-01 23:59:00
UCL East Library,136,90.06622516556291,2024-10-28,21:11:32.700139,1900-01-01 09:00:00,1900-01-01 21:00:00
Bartlett Library,-1,-1.0,2024-10-28,22:11:46.773401,1900-01-01 09:00:00,1900-01-01 20:00:00
Cruciform Hub,-1,-1.0,2024-10-28,22:11:46.773413,1900-01-01 09:00:00,1900-01-01 21:00:00
Graduate Hub (Postgraduate use only),52,94.54545454545455,2024-10-28,22:11:46.773431,1900-01-01 08:30:00,1900-01-01 00:00:00
Great Ormond Street Institute of Child Health Library,-1,-1.0,2024-10-28,22:11:46.773439,1900-01-01 09:00:00,1900-01-01 18:00:00
Institute of Archaeology Library,-1,-1.0,2024-10-28,22:11:46.773447,1900-01-01 09:30:00,1900-01-01 21:00:00
IOE Library,-1,-1.0,2024-10-28,22:11:46.773455,1900-01-01 08:30:00,1900-01-01 21:00:00
The Joint Library of Ophthalmology,-1,-1.0,2024-10-28,22:11:46.773462,1900-01-01 09:00:00,1900-01-01 17:00:00
Language & Speech Science Library,-1,-1.0,2024-10-28,22:11:46.773469,1900-01-01 09:15:00,1900-01-01 20:00:00
Main Library,476,76.16000000000001,2024-10-28,22:11:46.773484,1900-01-01 08:30:00,1900-01-01 00:00:00
"Queen Square Institute of Neurology, Queen Square Library",-1,-1.0,2024-10-28,22:11:46.773492,1900-01-01 09:00:00,1900-01-01 19:00:00
School of Pharmacy Library,-1,-1.0,2024-10-28,22:11:46.773500,1900-01-01 08:45:00,1900-01-01 22:00:00
SSEES Library,-1,-1.0,2024-10-28,22:11:46.773507,1900-01-01 09:00:00,1900-01-01 21:00:00
Science Library,738,80.3921568627451,2024-10-28,22:11:46.773522,1900-01-01 08:30:00,1900-01-01 00:00:00
Student Centre,301,46.52241112828439,2024-10-28,22:11:46.773536,1900-01-01 00:01:00,1900-01-01 23:59:00
UCL East Library,150,99.33774834437085,2024-10-28,22:11:46.773553,1900-01-01 09:00:00,1900-01-01 21:00:00
Bartlett Library,-1,-1.0,2024-10-28,23:11:33.423561,1900-01-01 09:00:00,1900-01-01 20:00:00
Cruciform Hub,-1,-1.0,2024-10-28,23:11:33.423574,1900-01-01 09:00:00,1900-01-01 21:00:00
Graduate Hub (Postgraduate use only),52,94.54545454545455,2024-10-28,23:11:33.423593,1900-01-01 08:30:00,1900-01-01 00:00:00
Great Ormond Street Institute of Child Health Library,-1,-1.0,2024-10-28,23:11:33.423601,1900-01-01 09:00:00,1900-01-01 18:00:00
Institute of Archaeology Library,-1,-1.0,2024-10-28,23:11:33.423609,1900-01-01 09:30:00,1900-01-01 21:00:00
IOE Library,-1,-1.0,2024-10-28,23:11:33.423617,1900-01-01 08:30:00,1900-01-01 21:00:00
The Joint Library of Ophthalmology,-1,-1.0,2024-10-28,23:11:33.423624,1900-01-01 09:00:00,1900-01-01 17:00:00
Language & Speech Science Library,-1,-1.0,2024-10-28,23:11:33.423632,1900-01-01 09:15:00,1900-01-01 20:00:00
Main Library,492,78.72,2024-10-28,23:11:33.423647,1900-01-01 08:30:00,1900-01-01 00:00:00
"Queen Square Institute of Neurology, Queen Square Library",-1,-1.0,2024-10-28,23:11:33.423655,1900-01-01 09:00:00,1900-01-01 19:00:00
School of Pharmacy Library,-1,-1.0,2024-10-28,23:11:33.423663,1900-01-01 08:45:00,1900-01-01 22:00:00
SSEES Library,-1,-1.0,2024-10-28,23:11:33.423674,1900-01-01 09:00:00,1900-01-01 21:00:00
Science Library,807,87.90849673202614,2024-10-28,23:11:33.423689,1900-01-01 08:30:00,1900-01-01 00:00:00
Student Centre,366,56.568778979907265,2024-10-28,23:11:33.423703,1900-01-01 00:01:00,1900-01-01 23:59:00
UCL East Library,150,99.33774834437085,2024-10-28,23:11:33.423717,1900-01-01 09:00:00,1900-01-01 21:00:00
Bartlett Library,65,94.20289855072464,2024-10-29,00:58:23.753347,1900-01-01 09:00:00,1900-01-01 20:00:00
Cruciform Hub,195,78.94736842105263,2024-10-29,00:58:23.753367,1900-01-01 09:00:00,1900-01-01 21:00:00
Graduate Hub (Postgraduate use only),54,98.18181818181819,2024-10-29,00:58:23.753383,1900-01-01 08:30:00,1900-01-01 00:00:00
Great Ormond Street Institute of Child Health Library,89,79.46428571428571,2024-10-29,00:58:23.753400,1900-01-01 09:00:00,1900-01-01 18:00:00
Institute of Archaeology Library,56,96.55172413793103,2024-10-29,00:58:23.753415,1900-01-01 09:30:00,1900-01-01 21:00:00
IOE Library,213,64.9390243902439,2024-10-29,00:58:23.753430,1900-01-01 08:30:00,1900-01-01 21:00:00
The Joint Library of Ophthalmology,28,63.63636363636363,2024-10-29,00:58:23.753444,1900-01-01 09:00:00,1900-01-01 17:00:00
Language & Speech Science Library,54,94.73684210526315,2024-10-29,00:58:23.753457,1900-01-01 09:15:00,1900-01-01 20:00:00
Main Library,565,90.4,2024-10-29,00:58:23.753472,1900-01-01 08:30:00,1900-01-01 00:00:00
"Queen Square Institute of Neurology, Queen Square Library",29,100.0,2024-10-29,00:58:23.753503,1900-01-01 09:00:00,1900-01-01 19:00:00
School of Pharmacy Library,54,91.52542372881356,2024-10-29,00:58:23.753516,1900-01-01 08:45:00,1900-01-01 22:00:00
SSEES Library,167,94.88636363636364,2024-10-29,00:58:23.753530,1900-01-01 09:00:00,1900-01-01 21:00:00
Science Library,881,95.96949891067538,2024-10-29,00:58:23.753546,1900-01-01 08:30:00,1900-01-01 00:00:00
Student Centre,487,75.27047913446677,2024-10-29,00:58:23.753558,1900-01-01 00:01:00,1900-01-01 23:59:00
UCL East Library,150,99.33774834437085,2024-10-29,00:58:23.753571,1900-01-01 09:00:00,1900-01-01 21:00:00
Bartlett Library,65,94.20289855072464,2024-10-29,02:19:13.681533,1900-01-01 09:00:00,1900-01-01 20:00:00
Cruciform Hub,214,86.63967611336032,2024-10-29,02:19:13.681553,1900-01-01 09:00:00,1900-01-01 21:00:00
Graduate Hub (Postgraduate use only),54,98.18181818181819,2024-10-29,02:19:13.681568,1900-01-01 08:30:00,1900-01-01 00:00:00
Great Ormond Street Institute of Child Health Library,88,78.57142857142857,2024-10-29,02:19:13.681582,1900-01-01 09:00:00,1900-01-01 18:00:00
Institute of Archaeology Library,55,94.82758620689656,2024-10-29,02:19:13.681597,1900-01-01 09:30:00,1900-01-01 21:00:00
IOE Library,235,71.64634146341463,2024-10-29,02:19:13.681611,1900-01-01 08:30:00,1900-01-01 21:00:00
The Joint Library of Ophthalmology,28,63.63636363636363,2024-10-29,02:19:13.681625,1900-01-01 09:00:00,1900-01-01 17:00:00
Language & Speech Science Library,54,94.73684210526315,2024-10-29,02:19:13.681644,1900-01-01 09:15:00,1900-01-01 20:00:00
Main Library,585,93.60000000000001,2024-10-29,02:19:13.681658,1900-01-01 08:30:00,1900-01-01 00:00:00
"Queen Square Institute of Neurology, Queen Square Library",29,100.0,2024-10-29,02:19:13.681672,1900-01-01 09:00:00,1900-01-01 19:00:00
School of Pharmacy Library,55,93.22033898305084,2024-10-29,02:19:13.681685,1900-01-01 08:45:00,1900-01-01 22:00:00
SSEES Library,170,96.5909090909091,2024-10-29,02:19:13.681698,1900-01-01 09:00:00,1900-01-01 21:00:00
Science Library,878,95.64270152505446,2024-10-29,02:19:13.681711,1900-01-01 08:30:00,1900-01-01 00:00:00
Student Centre,545,84.23493044822257,2024-10-29,02:19:13.681723,1900-01-01 00:01:00,1900-01-01 23:59:00
UCL East Library,150,99.33774834437085,2024-10-29,02:19:13.681737,1900-01-01 09:00:00,1900-01-01 21:00:00
Bartlett Library,65,94.20289855072464,2024-10-29,03:20:17.503120,1900-01-01 09:00:00,1900-01-01 20:00:00
Cruciform Hub,214,86.63967611336032,2024-10-29,03:20:17.503140,1900-01-01 09:00:00,1900-01-01 21:00:00
Graduate Hub (Postgraduate use only),54,98.18181818181819,2024-10-29,03:20:17.503156,1900-01-01 08:30:00,1900-01-01 00:00:00
Great Ormond Street Institute of Child Health Library,85,75.89285714285714,2024-10-29,03:20:17.503174,1900-01-01 09:00:00,1900-01-01 18:00:00
Institute of Archaeology Library,56,96.55172413793103,2024-10-29,03:20:17.503190,1900-01-01 09:30:00,1900-01-01 21:00:00
IOE Library,231,70.42682926829268,2024-10-29,03:20:17.503204,1900-01-01 08:30:00,1900-01-01 21:00:00
The Joint Library of Ophthalmology,28,63.63636363636363,2024-10-29,03:20:17.503218,1900-01-01 09:00:00,1900-01-01 17:00:00
Language & Speech Science Library,55,96.49122807017544,2024-10-29,03:20:17.503232,1900-01-01 09:15:00,1900-01-01 20:00:00
Main Library,588,94.08,2024-10-29,03:20:17.503253,1900-01-01 08:30:00,1900-01-01 00:00:00
"Queen Square Institute of Neurology, Queen Square Library",29,100.0,2024-10-29,03:20:17.503267,1900-01-01 09:00:00,1900-01-01 19:00:00
School of Pharmacy Library,55,93.22033898305084,2024-10-29,03:20:17.503280,1900-01-01 08:45:00,1900-01-01 22:00:00
SSEES Library,170,96.5909090909091,2024-10-29,03:20:17.503294,1900-01-01 09:00:00,1900-01-01 21:00:00
Science Library,877,95.53376906318083,2024-10-29,03:20:17.503306,1900-01-01 08:30:00,1900-01-01 00:00:00
Student Centre,587,90.72642967542504,2024-10-29,03:20:17.503319,1900-01-01 00:01:00,1900-01-01 23:59:00
UCL East Library,150,99.33774834437085,2024-10-29,03:20:17.503331,1900-01-01 09:00:00,1900-01-01 21:00:00
Bartlett Library,66,95.65217391304348,2024-10-29,04:15:24.388431,1900-01-01 09:00:00,1900-01-01 20:00:00
Cruciform Hub,195,78.94736842105263,2024-10-29,04:15:24.388452,1900-01-01 09:00:00,1900-01-01 21:00:00
Graduate Hub (Postgraduate use only),54,98.18181818181819,2024-10-29,04:15:24.388467,1900-01-01 08:30:00,1900-01-01 00:00:00
Great Ormond Street Institute of Child Health Library,90,80.35714285714286,2024-10-29,04:15:24.388481,1900-01-01 09:00:00,1900-01-01 18:00:00
Institute of Archaeology Library,56,96.55172413793103,2024-10-29,04:15:24.388496,1900-01-01 09:30:00,1900-01-01 21:00:00
IOE Library,214,65.2439024390244,2024-10-29,04:15:24.388511,1900-01-01 08:30:00,1900-01-01 21:00:00
The Joint Library of Ophthalmology,29,65.9090909090909,2024-10-29,04:15:24.388525,1900-01-01 09:00:00,1900-01-01 17:00:00
Language & Speech Science Library,55,96.49122807017544,2024-10-29,04:15:24.388538,1900-01-01 09:15:00,1900-01-01 20:00:00
Main Library,548,87.68,2024-10-29,04:15:24.388557,1900-01-01 08:30:00,1900-01-01 00:00:00
"Queen Square Institute of Neurology, Queen Square Library",28,96.55172413793103,2024-10-29,04:15:24.388573,1900-01-01 09:00:00,1900-01-01 19:00:00
School of Pharmacy Library,55,93.22033898305084,2024-10-29,04:15:24.388586,1900-01-01 08:45:00,1900-01-01 22:00:00
SSEES Library,173,98.29545454545455,2024-10-29,04:15:24.388599,1900-01-01 09:00:00,1900-01-01 21:00:00
Science Library,869,94.66230936819173,2024-10-29,04:15:24.388612,1900-01-01 08:30:00,1900-01-01 00:00:00
Student Centre,598,92.42658423493046,2024-10-29,04:15:24.388624,1900-01-01 00:01:00,1900-01-01 23:59:00
UCL East Library,150,99.33774834437085,2024-10-29,04:15:24.388637,1900-01-01 09:00:00,1900-01-01 21:00:00
